width,seed,epoch,train_error,test_error
4,0,0,0.5149999856948853,0.5299999713897705
4,0,1,0.5099999904632568,0.5249999761581421
4,0,2,0.5,0.5249999761581421
4,0,3,0.49000000953674316,0.5199999809265137
4,0,4,0.49000000953674316,0.5199999809265137
4,0,5,0.49000000953674316,0.5149999856948853
4,0,6,0.49000000953674316,0.5149999856948853
4,0,7,0.48500001430511475,0.5149999856948853
4,0,8,0.49000000953674316,0.5249999761581421
4,0,9,0.48500001430511475,0.5199999809265137
4,0,10,0.49000000953674316,0.5099999904632568
4,0,11,0.49000000953674316,0.5049999952316284
4,0,12,0.49000000953674316,0.5
4,0,13,0.48500001430511475,0.49000000953674316
4,0,14,0.49000000953674316,0.47999998927116394
4,0,15,0.47999998927116394,0.4749999940395355
4,0,16,0.4699999988079071,0.4749999940395355
4,0,17,0.4650000035762787,0.4749999940395355
4,0,18,0.46000000834465027,0.4749999940395355
4,0,19,0.44999998807907104,0.48500001430511475
4,0,20,0.4350000023841858,0.48500001430511475
4,0,21,0.4350000023841858,0.48500001430511475
4,0,22,0.4350000023841858,0.4749999940395355
4,0,23,0.42500001192092896,0.4699999988079071
4,0,24,0.41999998688697815,0.47999998927116394
4,0,25,0.41999998688697815,0.47999998927116394
4,0,26,0.41499999165534973,0.4749999940395355
4,0,27,0.41999998688697815,0.4749999940395355
4,0,28,0.41999998688697815,0.4749999940395355
4,0,29,0.41999998688697815,0.4699999988079071
4,0,30,0.41999998688697815,0.4749999940395355
4,0,31,0.41999998688697815,0.47999998927116394
4,0,32,0.41999998688697815,0.47999998927116394
4,0,33,0.41999998688697815,0.47999998927116394
4,0,34,0.41999998688697815,0.47999998927116394
4,0,35,0.4099999964237213,0.47999998927116394
4,0,36,0.4000000059604645,0.48500001430511475
4,0,37,0.4000000059604645,0.49000000953674316
4,0,38,0.4050000011920929,0.49000000953674316
4,0,39,0.4000000059604645,0.49000000953674316
4,0,40,0.39500001072883606,0.49000000953674316
4,0,41,0.38999998569488525,0.48500001430511475
4,0,42,0.38999998569488525,0.47999998927116394
4,0,43,0.38999998569488525,0.4749999940395355
4,0,44,0.39500001072883606,0.4749999940395355
4,0,45,0.38499999046325684,0.4699999988079071
4,0,46,0.38499999046325684,0.4650000035762787
4,0,47,0.38999998569488525,0.4650000035762787
4,0,48,0.38499999046325684,0.4650000035762787
4,0,49,0.38499999046325684,0.46000000834465027
4,0,50,0.3799999952316284,0.46000000834465027
4,0,51,0.36500000953674316,0.46000000834465027
4,0,52,0.36000001430511475,0.4650000035762787
4,0,53,0.36000001430511475,0.4650000035762787
4,0,54,0.36000001430511475,0.4650000035762787
4,0,55,0.36000001430511475,0.4650000035762787
4,0,56,0.35499998927116394,0.46000000834465027
4,0,57,0.3499999940395355,0.46000000834465027
4,0,58,0.3449999988079071,0.45500001311302185
4,0,59,0.3449999988079071,0.45500001311302185
4,0,60,0.33500000834465027,0.45500001311302185
4,0,61,0.3400000035762787,0.45500001311302185
4,0,62,0.3400000035762787,0.45500001311302185
4,0,63,0.3400000035762787,0.44999998807907104
4,0,64,0.3400000035762787,0.44999998807907104
4,0,65,0.3400000035762787,0.44999998807907104
4,0,66,0.3400000035762787,0.44999998807907104
4,0,67,0.3449999988079071,0.44999998807907104
4,0,68,0.3449999988079071,0.44999998807907104
4,0,69,0.3400000035762787,0.4449999928474426
4,0,70,0.33500000834465027,0.4449999928474426
4,0,71,0.33000001311302185,0.4449999928474426
4,0,72,0.33000001311302185,0.4449999928474426
4,0,73,0.32499998807907104,0.4399999976158142
4,0,74,0.32499998807907104,0.4350000023841858
4,0,75,0.33000001311302185,0.4449999928474426
4,0,76,0.33000001311302185,0.4449999928474426
4,0,77,0.32499998807907104,0.4449999928474426
4,0,78,0.32499998807907104,0.4449999928474426
4,0,79,0.32499998807907104,0.4399999976158142
4,0,80,0.32499998807907104,0.4350000023841858
4,0,81,0.32499998807907104,0.4350000023841858
4,0,82,0.32499998807907104,0.4350000023841858
4,0,83,0.32499998807907104,0.4350000023841858
4,0,84,0.32499998807907104,0.4350000023841858
4,0,85,0.33000001311302185,0.4350000023841858
4,0,86,0.32499998807907104,0.4300000071525574
4,0,87,0.32499998807907104,0.42500001192092896
4,0,88,0.32499998807907104,0.4300000071525574
4,0,89,0.3199999928474426,0.4300000071525574
4,0,90,0.3199999928474426,0.4350000023841858
4,0,91,0.3149999976158142,0.4350000023841858
4,0,92,0.3100000023841858,0.4350000023841858
4,0,93,0.3100000023841858,0.4350000023841858
4,0,94,0.3100000023841858,0.4300000071525574
4,0,95,0.3050000071525574,0.4300000071525574
4,0,96,0.3050000071525574,0.4300000071525574
4,0,97,0.3050000071525574,0.4300000071525574
4,0,98,0.3050000071525574,0.4300000071525574
4,0,99,0.3050000071525574,0.4300000071525574
4,0,100,0.3100000023841858,0.4300000071525574
4,0,101,0.3050000071525574,0.42500001192092896
4,0,102,0.3050000071525574,0.41999998688697815
4,0,103,0.3050000071525574,0.41499999165534973
4,0,104,0.3050000071525574,0.41499999165534973
4,0,105,0.3050000071525574,0.41499999165534973
4,0,106,0.3050000071525574,0.41499999165534973
4,0,107,0.3050000071525574,0.4099999964237213
4,0,108,0.3050000071525574,0.4050000011920929
4,0,109,0.3050000071525574,0.4000000059604645
4,0,110,0.30000001192092896,0.4000000059604645
4,0,111,0.30000001192092896,0.38499999046325684
4,0,112,0.30000001192092896,0.38499999046325684
4,0,113,0.29499998688697815,0.38499999046325684
4,0,114,0.29499998688697815,0.38499999046325684
4,0,115,0.28999999165534973,0.38499999046325684
4,0,116,0.28999999165534973,0.38499999046325684
4,0,117,0.28999999165534973,0.38499999046325684
4,0,118,0.28999999165534973,0.38999998569488525
4,0,119,0.2849999964237213,0.38999998569488525
4,0,120,0.28999999165534973,0.38999998569488525
4,0,121,0.28999999165534973,0.38999998569488525
4,0,122,0.2849999964237213,0.39500001072883606
4,0,123,0.2849999964237213,0.39500001072883606
4,0,124,0.2800000011920929,0.39500001072883606
4,0,125,0.2750000059604645,0.39500001072883606
4,0,126,0.27000001072883606,0.39500001072883606
4,0,127,0.27000001072883606,0.38499999046325684
4,0,128,0.27000001072883606,0.38999998569488525
4,0,129,0.27000001072883606,0.39500001072883606
4,0,130,0.2750000059604645,0.39500001072883606
4,0,131,0.2800000011920929,0.39500001072883606
4,0,132,0.27000001072883606,0.4050000011920929
4,0,133,0.27000001072883606,0.4000000059604645
4,0,134,0.26499998569488525,0.4000000059604645
4,0,135,0.26499998569488525,0.4000000059604645
4,0,136,0.25999999046325684,0.4000000059604645
4,0,137,0.25999999046325684,0.4000000059604645
4,0,138,0.2549999952316284,0.4000000059604645
4,0,139,0.2549999952316284,0.4000000059604645
4,0,140,0.2549999952316284,0.4050000011920929
4,0,141,0.2549999952316284,0.4050000011920929
4,0,142,0.2549999952316284,0.4050000011920929
4,0,143,0.2549999952316284,0.4050000011920929
4,0,144,0.25,0.4050000011920929
4,0,145,0.25,0.4000000059604645
4,0,146,0.25,0.4050000011920929
4,0,147,0.2549999952316284,0.4000000059604645
4,0,148,0.2549999952316284,0.4050000011920929
4,0,149,0.25,0.4050000011920929
4,0,150,0.2549999952316284,0.4000000059604645
4,0,151,0.2549999952316284,0.4000000059604645
4,0,152,0.2549999952316284,0.39500001072883606
4,0,153,0.2549999952316284,0.38999998569488525
4,0,154,0.2549999952316284,0.38999998569488525
4,0,155,0.25999999046325684,0.38999998569488525
4,0,156,0.25999999046325684,0.38999998569488525
4,0,157,0.25999999046325684,0.38999998569488525
4,0,158,0.25999999046325684,0.38999998569488525
4,0,159,0.25999999046325684,0.38499999046325684
4,0,160,0.25999999046325684,0.38499999046325684
4,0,161,0.25999999046325684,0.38499999046325684
4,0,162,0.25999999046325684,0.38499999046325684
4,0,163,0.25999999046325684,0.38499999046325684
4,0,164,0.25999999046325684,0.38999998569488525
4,0,165,0.25999999046325684,0.38999998569488525
4,0,166,0.2549999952316284,0.38999998569488525
4,0,167,0.2549999952316284,0.38999998569488525
4,0,168,0.2549999952316284,0.38999998569488525
4,0,169,0.2549999952316284,0.39500001072883606
4,0,170,0.2549999952316284,0.39500001072883606
4,0,171,0.2549999952316284,0.39500001072883606
4,0,172,0.2549999952316284,0.39500001072883606
4,0,173,0.2549999952316284,0.39500001072883606
4,0,174,0.25,0.39500001072883606
4,0,175,0.25,0.39500001072883606
4,0,176,0.25,0.39500001072883606
4,0,177,0.25,0.39500001072883606
4,0,178,0.24500000476837158,0.39500001072883606
4,0,179,0.24500000476837158,0.4000000059604645
4,0,180,0.24500000476837158,0.4000000059604645
4,0,181,0.24500000476837158,0.39500001072883606
4,0,182,0.24500000476837158,0.39500001072883606
4,0,183,0.24500000476837158,0.38999998569488525
4,0,184,0.23999999463558197,0.38999998569488525
4,0,185,0.23499999940395355,0.38999998569488525
4,0,186,0.23499999940395355,0.38999998569488525
4,0,187,0.23999999463558197,0.38999998569488525
4,0,188,0.23999999463558197,0.38999998569488525
4,0,189,0.23499999940395355,0.38999998569488525
4,0,190,0.23000000417232513,0.38999998569488525
4,0,191,0.23000000417232513,0.38999998569488525
4,0,192,0.23000000417232513,0.38999998569488525
4,0,193,0.23000000417232513,0.38999998569488525
4,0,194,0.23000000417232513,0.38999998569488525
4,0,195,0.23000000417232513,0.38999998569488525
4,0,196,0.23000000417232513,0.38999998569488525
4,0,197,0.23000000417232513,0.38999998569488525
4,0,198,0.23000000417232513,0.38999998569488525
4,0,199,0.22499999403953552,0.38999998569488525
8,0,0,0.5600000023841858,0.5550000071525574
8,0,1,0.5550000071525574,0.5450000166893005
8,0,2,0.5550000071525574,0.5350000262260437
8,0,3,0.550000011920929,0.5249999761581421
8,0,4,0.5350000262260437,0.5099999904632568
8,0,5,0.5249999761581421,0.5149999856948853
8,0,6,0.5249999761581421,0.5199999809265137
8,0,7,0.5099999904632568,0.5149999856948853
8,0,8,0.5049999952316284,0.5099999904632568
8,0,9,0.5049999952316284,0.5
8,0,10,0.4950000047683716,0.5
8,0,11,0.48500001430511475,0.5
8,0,12,0.48500001430511475,0.5
8,0,13,0.4749999940395355,0.5
8,0,14,0.4699999988079071,0.5
8,0,15,0.4650000035762787,0.4950000047683716
8,0,16,0.46000000834465027,0.4950000047683716
8,0,17,0.4449999928474426,0.48500001430511475
8,0,18,0.4449999928474426,0.47999998927116394
8,0,19,0.4399999976158142,0.4650000035762787
8,0,20,0.4399999976158142,0.46000000834465027
8,0,21,0.4300000071525574,0.4449999928474426
8,0,22,0.4399999976158142,0.4350000023841858
8,0,23,0.4300000071525574,0.4300000071525574
8,0,24,0.4300000071525574,0.42500001192092896
8,0,25,0.41999998688697815,0.42500001192092896
8,0,26,0.41499999165534973,0.41999998688697815
8,0,27,0.4099999964237213,0.4099999964237213
8,0,28,0.4050000011920929,0.4099999964237213
8,0,29,0.4050000011920929,0.4099999964237213
8,0,30,0.4050000011920929,0.4099999964237213
8,0,31,0.4000000059604645,0.41499999165534973
8,0,32,0.4000000059604645,0.4050000011920929
8,0,33,0.4000000059604645,0.4050000011920929
8,0,34,0.4050000011920929,0.4050000011920929
8,0,35,0.4050000011920929,0.4099999964237213
8,0,36,0.38999998569488525,0.4099999964237213
8,0,37,0.39500001072883606,0.41499999165534973
8,0,38,0.38999998569488525,0.41999998688697815
8,0,39,0.38999998569488525,0.42500001192092896
8,0,40,0.38499999046325684,0.42500001192092896
8,0,41,0.38499999046325684,0.42500001192092896
8,0,42,0.38499999046325684,0.42500001192092896
8,0,43,0.375,0.41999998688697815
8,0,44,0.38499999046325684,0.41499999165534973
8,0,45,0.38499999046325684,0.4099999964237213
8,0,46,0.3799999952316284,0.4099999964237213
8,0,47,0.3799999952316284,0.41999998688697815
8,0,48,0.3799999952316284,0.42500001192092896
8,0,49,0.3799999952316284,0.4300000071525574
8,0,50,0.3799999952316284,0.4350000023841858
8,0,51,0.375,0.42500001192092896
8,0,52,0.375,0.42500001192092896
8,0,53,0.3700000047683716,0.41999998688697815
8,0,54,0.36500000953674316,0.41999998688697815
8,0,55,0.36500000953674316,0.41499999165534973
8,0,56,0.35499998927116394,0.41499999165534973
8,0,57,0.35499998927116394,0.41499999165534973
8,0,58,0.3449999988079071,0.4050000011920929
8,0,59,0.33500000834465027,0.4050000011920929
8,0,60,0.33000001311302185,0.4050000011920929
8,0,61,0.33000001311302185,0.4050000011920929
8,0,62,0.33000001311302185,0.4050000011920929
8,0,63,0.33000001311302185,0.39500001072883606
8,0,64,0.33000001311302185,0.3799999952316284
8,0,65,0.32499998807907104,0.3799999952316284
8,0,66,0.3199999928474426,0.375
8,0,67,0.3149999976158142,0.375
8,0,68,0.3149999976158142,0.3700000047683716
8,0,69,0.3050000071525574,0.375
8,0,70,0.3100000023841858,0.375
8,0,71,0.3050000071525574,0.375
8,0,72,0.3050000071525574,0.3700000047683716
8,0,73,0.3050000071525574,0.3700000047683716
8,0,74,0.29499998688697815,0.375
8,0,75,0.29499998688697815,0.375
8,0,76,0.29499998688697815,0.375
8,0,77,0.29499998688697815,0.3700000047683716
8,0,78,0.29499998688697815,0.3700000047683716
8,0,79,0.30000001192092896,0.36500000953674316
8,0,80,0.30000001192092896,0.36500000953674316
8,0,81,0.29499998688697815,0.36500000953674316
8,0,82,0.29499998688697815,0.36000001430511475
8,0,83,0.29499998688697815,0.3700000047683716
8,0,84,0.29499998688697815,0.35499998927116394
8,0,85,0.29499998688697815,0.35499998927116394
8,0,86,0.30000001192092896,0.35499998927116394
8,0,87,0.30000001192092896,0.3499999940395355
8,0,88,0.30000001192092896,0.3449999988079071
8,0,89,0.30000001192092896,0.3449999988079071
8,0,90,0.29499998688697815,0.3449999988079071
8,0,91,0.29499998688697815,0.3449999988079071
8,0,92,0.29499998688697815,0.3499999940395355
8,0,93,0.29499998688697815,0.3499999940395355
8,0,94,0.28999999165534973,0.3499999940395355
8,0,95,0.28999999165534973,0.3499999940395355
8,0,96,0.28999999165534973,0.3449999988079071
8,0,97,0.28999999165534973,0.3449999988079071
8,0,98,0.28999999165534973,0.3449999988079071
8,0,99,0.28999999165534973,0.3400000035762787
8,0,100,0.28999999165534973,0.3449999988079071
8,0,101,0.28999999165534973,0.3449999988079071
8,0,102,0.2849999964237213,0.3499999940395355
8,0,103,0.2800000011920929,0.3499999940395355
8,0,104,0.2800000011920929,0.3499999940395355
8,0,105,0.2800000011920929,0.3499999940395355
8,0,106,0.2800000011920929,0.3400000035762787
8,0,107,0.2849999964237213,0.3449999988079071
8,0,108,0.2800000011920929,0.3449999988079071
8,0,109,0.2800000011920929,0.3449999988079071
8,0,110,0.2800000011920929,0.3449999988079071
8,0,111,0.2800000011920929,0.3449999988079071
8,0,112,0.2800000011920929,0.3449999988079071
8,0,113,0.2750000059604645,0.3449999988079071
8,0,114,0.2750000059604645,0.3449999988079071
8,0,115,0.2750000059604645,0.3400000035762787
8,0,116,0.2750000059604645,0.3400000035762787
8,0,117,0.2750000059604645,0.3400000035762787
8,0,118,0.2750000059604645,0.3449999988079071
8,0,119,0.2750000059604645,0.3449999988079071
8,0,120,0.2750000059604645,0.3449999988079071
8,0,121,0.2750000059604645,0.3499999940395355
8,0,122,0.2750000059604645,0.3499999940395355
8,0,123,0.2750000059604645,0.3499999940395355
8,0,124,0.2750000059604645,0.3400000035762787
8,0,125,0.27000001072883606,0.3400000035762787
8,0,126,0.27000001072883606,0.3400000035762787
8,0,127,0.27000001072883606,0.3400000035762787
8,0,128,0.27000001072883606,0.3400000035762787
8,0,129,0.27000001072883606,0.3400000035762787
8,0,130,0.26499998569488525,0.3400000035762787
8,0,131,0.25999999046325684,0.3400000035762787
8,0,132,0.25999999046325684,0.3400000035762787
8,0,133,0.25999999046325684,0.3400000035762787
8,0,134,0.25999999046325684,0.3400000035762787
8,0,135,0.26499998569488525,0.3400000035762787
8,0,136,0.26499998569488525,0.33500000834465027
8,0,137,0.26499998569488525,0.33500000834465027
8,0,138,0.26499998569488525,0.33500000834465027
8,0,139,0.25999999046325684,0.33500000834465027
8,0,140,0.25999999046325684,0.33500000834465027
8,0,141,0.25999999046325684,0.33500000834465027
8,0,142,0.25999999046325684,0.33500000834465027
8,0,143,0.25999999046325684,0.33500000834465027
8,0,144,0.25999999046325684,0.33500000834465027
8,0,145,0.25999999046325684,0.33500000834465027
8,0,146,0.24500000476837158,0.33000001311302185
8,0,147,0.24500000476837158,0.33000001311302185
8,0,148,0.24500000476837158,0.33000001311302185
8,0,149,0.24500000476837158,0.33000001311302185
8,0,150,0.23999999463558197,0.33000001311302185
8,0,151,0.23999999463558197,0.33000001311302185
8,0,152,0.23999999463558197,0.33000001311302185
8,0,153,0.23999999463558197,0.33000001311302185
8,0,154,0.23499999940395355,0.33000001311302185
8,0,155,0.23499999940395355,0.33000001311302185
8,0,156,0.23499999940395355,0.33000001311302185
8,0,157,0.23000000417232513,0.33000001311302185
8,0,158,0.23000000417232513,0.33000001311302185
8,0,159,0.23000000417232513,0.32499998807907104
8,0,160,0.23000000417232513,0.32499998807907104
8,0,161,0.23000000417232513,0.3199999928474426
8,0,162,0.23000000417232513,0.3199999928474426
8,0,163,0.23000000417232513,0.3199999928474426
8,0,164,0.22499999403953552,0.3199999928474426
8,0,165,0.22499999403953552,0.32499998807907104
8,0,166,0.2199999988079071,0.32499998807907104
8,0,167,0.2150000035762787,0.32499998807907104
8,0,168,0.2150000035762787,0.33000001311302185
8,0,169,0.2150000035762787,0.33000001311302185
8,0,170,0.2150000035762787,0.33000001311302185
8,0,171,0.2150000035762787,0.32499998807907104
8,0,172,0.2150000035762787,0.32499998807907104
8,0,173,0.2150000035762787,0.32499998807907104
8,0,174,0.2150000035762787,0.33000001311302185
8,0,175,0.2150000035762787,0.3400000035762787
8,0,176,0.2150000035762787,0.3499999940395355
8,0,177,0.2150000035762787,0.3499999940395355
8,0,178,0.2150000035762787,0.3499999940395355
8,0,179,0.2150000035762787,0.3499999940395355
8,0,180,0.2150000035762787,0.3499999940395355
8,0,181,0.2150000035762787,0.35499998927116394
8,0,182,0.2150000035762787,0.35499998927116394
8,0,183,0.20999999344348907,0.35499998927116394
8,0,184,0.20999999344348907,0.35499998927116394
8,0,185,0.20499999821186066,0.35499998927116394
8,0,186,0.20499999821186066,0.35499998927116394
8,0,187,0.20499999821186066,0.35499998927116394
8,0,188,0.20499999821186066,0.3499999940395355
8,0,189,0.20499999821186066,0.3499999940395355
8,0,190,0.20499999821186066,0.36500000953674316
8,0,191,0.20499999821186066,0.36500000953674316
8,0,192,0.20499999821186066,0.36500000953674316
8,0,193,0.20499999821186066,0.36500000953674316
8,0,194,0.20499999821186066,0.36500000953674316
8,0,195,0.20000000298023224,0.36500000953674316
8,0,196,0.20000000298023224,0.36500000953674316
8,0,197,0.20000000298023224,0.36500000953674316
8,0,198,0.20000000298023224,0.36500000953674316
8,0,199,0.20000000298023224,0.36500000953674316
16,0,0,0.5249999761581421,0.6000000238418579
16,0,1,0.5249999761581421,0.6000000238418579
16,0,2,0.5199999809265137,0.6050000190734863
16,0,3,0.5049999952316284,0.6000000238418579
16,0,4,0.5249999761581421,0.5899999737739563
16,0,5,0.5199999809265137,0.5899999737739563
16,0,6,0.5149999856948853,0.5899999737739563
16,0,7,0.5199999809265137,0.6000000238418579
16,0,8,0.5149999856948853,0.5699999928474426
16,0,9,0.5099999904632568,0.5699999928474426
16,0,10,0.5049999952316284,0.5699999928474426
16,0,11,0.49000000953674316,0.5649999976158142
16,0,12,0.4699999988079071,0.5699999928474426
16,0,13,0.45500001311302185,0.550000011920929
16,0,14,0.4449999928474426,0.5299999713897705
16,0,15,0.4449999928474426,0.5400000214576721
16,0,16,0.4350000023841858,0.5400000214576721
16,0,17,0.41999998688697815,0.5350000262260437
16,0,18,0.41499999165534973,0.5299999713897705
16,0,19,0.39500001072883606,0.5249999761581421
16,0,20,0.39500001072883606,0.5249999761581421
16,0,21,0.39500001072883606,0.5249999761581421
16,0,22,0.38499999046325684,0.5149999856948853
16,0,23,0.38499999046325684,0.4950000047683716
16,0,24,0.375,0.48500001430511475
16,0,25,0.36500000953674316,0.4749999940395355
16,0,26,0.35499998927116394,0.4699999988079071
16,0,27,0.35499998927116394,0.46000000834465027
16,0,28,0.35499998927116394,0.45500001311302185
16,0,29,0.3499999940395355,0.44999998807907104
16,0,30,0.3499999940395355,0.44999998807907104
16,0,31,0.3499999940395355,0.44999998807907104
16,0,32,0.3499999940395355,0.4399999976158142
16,0,33,0.3499999940395355,0.4350000023841858
16,0,34,0.3449999988079071,0.4350000023841858
16,0,35,0.3449999988079071,0.4300000071525574
16,0,36,0.3400000035762787,0.41999998688697815
16,0,37,0.3400000035762787,0.41499999165534973
16,0,38,0.33500000834465027,0.41499999165534973
16,0,39,0.32499998807907104,0.41499999165534973
16,0,40,0.33000001311302185,0.4099999964237213
16,0,41,0.33000001311302185,0.4099999964237213
16,0,42,0.33000001311302185,0.4099999964237213
16,0,43,0.33000001311302185,0.4099999964237213
16,0,44,0.3199999928474426,0.4099999964237213
16,0,45,0.3149999976158142,0.41499999165534973
16,0,46,0.3050000071525574,0.41499999165534973
16,0,47,0.30000001192092896,0.4099999964237213
16,0,48,0.30000001192092896,0.4099999964237213
16,0,49,0.29499998688697815,0.4050000011920929
16,0,50,0.2849999964237213,0.4099999964237213
16,0,51,0.2849999964237213,0.4099999964237213
16,0,52,0.2800000011920929,0.4099999964237213
16,0,53,0.2750000059604645,0.4050000011920929
16,0,54,0.27000001072883606,0.4050000011920929
16,0,55,0.26499998569488525,0.4050000011920929
16,0,56,0.26499998569488525,0.4000000059604645
16,0,57,0.2549999952316284,0.4000000059604645
16,0,58,0.25,0.4000000059604645
16,0,59,0.25,0.4000000059604645
16,0,60,0.25,0.4000000059604645
16,0,61,0.25,0.39500001072883606
16,0,62,0.25,0.38999998569488525
16,0,63,0.2549999952316284,0.38499999046325684
16,0,64,0.2549999952316284,0.38499999046325684
16,0,65,0.25999999046325684,0.3799999952316284
16,0,66,0.25,0.3799999952316284
16,0,67,0.24500000476837158,0.3799999952316284
16,0,68,0.24500000476837158,0.375
16,0,69,0.24500000476837158,0.375
16,0,70,0.24500000476837158,0.375
16,0,71,0.23999999463558197,0.375
16,0,72,0.23999999463558197,0.3799999952316284
16,0,73,0.23499999940395355,0.3799999952316284
16,0,74,0.22499999403953552,0.38499999046325684
16,0,75,0.2150000035762787,0.3799999952316284
16,0,76,0.2150000035762787,0.38499999046325684
16,0,77,0.20999999344348907,0.38499999046325684
16,0,78,0.20999999344348907,0.375
16,0,79,0.2150000035762787,0.375
16,0,80,0.2150000035762787,0.375
16,0,81,0.20999999344348907,0.3799999952316284
16,0,82,0.20999999344348907,0.375
16,0,83,0.20999999344348907,0.3799999952316284
16,0,84,0.20999999344348907,0.3799999952316284
16,0,85,0.2150000035762787,0.3799999952316284
16,0,86,0.2150000035762787,0.3799999952316284
16,0,87,0.20999999344348907,0.3799999952316284
16,0,88,0.20499999821186066,0.375
16,0,89,0.20499999821186066,0.375
16,0,90,0.20999999344348907,0.38499999046325684
16,0,91,0.20000000298023224,0.3799999952316284
16,0,92,0.20000000298023224,0.3799999952316284
16,0,93,0.20000000298023224,0.3799999952316284
16,0,94,0.20000000298023224,0.375
16,0,95,0.20000000298023224,0.375
16,0,96,0.20000000298023224,0.3700000047683716
16,0,97,0.20000000298023224,0.375
16,0,98,0.20000000298023224,0.375
16,0,99,0.19499999284744263,0.3700000047683716
16,0,100,0.19499999284744263,0.375
16,0,101,0.19499999284744263,0.3700000047683716
16,0,102,0.19499999284744263,0.3700000047683716
16,0,103,0.19499999284744263,0.375
16,0,104,0.19499999284744263,0.375
16,0,105,0.19499999284744263,0.3799999952316284
16,0,106,0.20000000298023224,0.3799999952316284
16,0,107,0.20000000298023224,0.3799999952316284
16,0,108,0.20000000298023224,0.3799999952316284
16,0,109,0.1899999976158142,0.3799999952316284
16,0,110,0.1899999976158142,0.3799999952316284
16,0,111,0.1899999976158142,0.3799999952316284
16,0,112,0.1899999976158142,0.3799999952316284
16,0,113,0.1899999976158142,0.3799999952316284
16,0,114,0.1899999976158142,0.375
16,0,115,0.1899999976158142,0.3700000047683716
16,0,116,0.19499999284744263,0.36500000953674316
16,0,117,0.1850000023841858,0.36500000953674316
16,0,118,0.1850000023841858,0.36500000953674316
16,0,119,0.18000000715255737,0.36500000953674316
16,0,120,0.18000000715255737,0.36500000953674316
16,0,121,0.18000000715255737,0.36000001430511475
16,0,122,0.17499999701976776,0.35499998927116394
16,0,123,0.17499999701976776,0.35499998927116394
16,0,124,0.17499999701976776,0.35499998927116394
16,0,125,0.17499999701976776,0.35499998927116394
16,0,126,0.17499999701976776,0.35499998927116394
16,0,127,0.17499999701976776,0.3499999940395355
16,0,128,0.17000000178813934,0.3499999940395355
16,0,129,0.17000000178813934,0.3499999940395355
16,0,130,0.1599999964237213,0.3499999940395355
16,0,131,0.1599999964237213,0.3499999940395355
16,0,132,0.1599999964237213,0.3449999988079071
16,0,133,0.1599999964237213,0.3400000035762787
16,0,134,0.1550000011920929,0.3400000035762787
16,0,135,0.1550000011920929,0.3400000035762787
16,0,136,0.1550000011920929,0.3400000035762787
16,0,137,0.1550000011920929,0.3400000035762787
16,0,138,0.1599999964237213,0.3400000035762787
16,0,139,0.16500000655651093,0.33500000834465027
16,0,140,0.16500000655651093,0.33500000834465027
16,0,141,0.1599999964237213,0.33500000834465027
16,0,142,0.1599999964237213,0.33500000834465027
16,0,143,0.1599999964237213,0.33500000834465027
16,0,144,0.1599999964237213,0.33500000834465027
16,0,145,0.1550000011920929,0.33500000834465027
16,0,146,0.1550000011920929,0.33000001311302185
16,0,147,0.1550000011920929,0.33500000834465027
16,0,148,0.1550000011920929,0.33500000834465027
16,0,149,0.1550000011920929,0.33500000834465027
16,0,150,0.1550000011920929,0.33500000834465027
16,0,151,0.1550000011920929,0.33500000834465027
16,0,152,0.1550000011920929,0.33500000834465027
16,0,153,0.1550000011920929,0.33500000834465027
16,0,154,0.1550000011920929,0.33000001311302185
16,0,155,0.1550000011920929,0.33000001311302185
16,0,156,0.1550000011920929,0.33000001311302185
16,0,157,0.1550000011920929,0.33000001311302185
16,0,158,0.15000000596046448,0.33500000834465027
16,0,159,0.15000000596046448,0.33500000834465027
16,0,160,0.15000000596046448,0.33500000834465027
16,0,161,0.15000000596046448,0.33500000834465027
16,0,162,0.14499999582767487,0.33500000834465027
16,0,163,0.14499999582767487,0.33500000834465027
16,0,164,0.14499999582767487,0.32499998807907104
16,0,165,0.14499999582767487,0.32499998807907104
16,0,166,0.14000000059604645,0.32499998807907104
16,0,167,0.14000000059604645,0.32499998807907104
16,0,168,0.13500000536441803,0.32499998807907104
16,0,169,0.13500000536441803,0.32499998807907104
16,0,170,0.13500000536441803,0.32499998807907104
16,0,171,0.13500000536441803,0.32499998807907104
16,0,172,0.13500000536441803,0.32499998807907104
16,0,173,0.13500000536441803,0.33000001311302185
16,0,174,0.12999999523162842,0.33000001311302185
16,0,175,0.12999999523162842,0.33000001311302185
16,0,176,0.12999999523162842,0.33000001311302185
16,0,177,0.12999999523162842,0.33000001311302185
16,0,178,0.12999999523162842,0.33000001311302185
16,0,179,0.12999999523162842,0.33000001311302185
16,0,180,0.12999999523162842,0.33500000834465027
16,0,181,0.12999999523162842,0.33500000834465027
16,0,182,0.12999999523162842,0.33500000834465027
16,0,183,0.12999999523162842,0.33500000834465027
16,0,184,0.12999999523162842,0.3400000035762787
16,0,185,0.12999999523162842,0.3400000035762787
16,0,186,0.12999999523162842,0.3400000035762787
16,0,187,0.12999999523162842,0.3400000035762787
16,0,188,0.125,0.3400000035762787
16,0,189,0.125,0.3400000035762787
16,0,190,0.125,0.3400000035762787
16,0,191,0.125,0.3400000035762787
16,0,192,0.125,0.3400000035762787
16,0,193,0.125,0.3400000035762787
16,0,194,0.125,0.3400000035762787
16,0,195,0.125,0.3400000035762787
16,0,196,0.125,0.3400000035762787
16,0,197,0.125,0.3400000035762787
16,0,198,0.125,0.3400000035762787
16,0,199,0.125,0.3400000035762787
32,0,0,0.45500001311302185,0.4699999988079071
32,0,1,0.45500001311302185,0.46000000834465027
32,0,2,0.4749999940395355,0.4650000035762787
32,0,3,0.4699999988079071,0.4650000035762787
32,0,4,0.4699999988079071,0.4749999940395355
32,0,5,0.46000000834465027,0.4749999940395355
32,0,6,0.44999998807907104,0.4699999988079071
32,0,7,0.44999998807907104,0.4650000035762787
32,0,8,0.44999998807907104,0.45500001311302185
32,0,9,0.45500001311302185,0.46000000834465027
32,0,10,0.45500001311302185,0.4449999928474426
32,0,11,0.45500001311302185,0.4449999928474426
32,0,12,0.46000000834465027,0.46000000834465027
32,0,13,0.46000000834465027,0.45500001311302185
32,0,14,0.44999998807907104,0.4399999976158142
32,0,15,0.44999998807907104,0.4449999928474426
32,0,16,0.4300000071525574,0.4399999976158142
32,0,17,0.42500001192092896,0.4350000023841858
32,0,18,0.41499999165534973,0.4350000023841858
32,0,19,0.4050000011920929,0.42500001192092896
32,0,20,0.38499999046325684,0.41499999165534973
32,0,21,0.3799999952316284,0.4050000011920929
32,0,22,0.36500000953674316,0.39500001072883606
32,0,23,0.375,0.38499999046325684
32,0,24,0.36500000953674316,0.38999998569488525
32,0,25,0.36500000953674316,0.39500001072883606
32,0,26,0.36000001430511475,0.38499999046325684
32,0,27,0.3449999988079071,0.3799999952316284
32,0,28,0.3449999988079071,0.375
32,0,29,0.33000001311302185,0.36000001430511475
32,0,30,0.33500000834465027,0.3449999988079071
32,0,31,0.3400000035762787,0.3400000035762787
32,0,32,0.33000001311302185,0.3400000035762787
32,0,33,0.32499998807907104,0.33500000834465027
32,0,34,0.33000001311302185,0.33500000834465027
32,0,35,0.3199999928474426,0.33500000834465027
32,0,36,0.3149999976158142,0.33000001311302185
32,0,37,0.3050000071525574,0.32499998807907104
32,0,38,0.30000001192092896,0.32499998807907104
32,0,39,0.30000001192092896,0.32499998807907104
32,0,40,0.28999999165534973,0.32499998807907104
32,0,41,0.28999999165534973,0.32499998807907104
32,0,42,0.30000001192092896,0.33000001311302185
32,0,43,0.28999999165534973,0.33500000834465027
32,0,44,0.28999999165534973,0.3199999928474426
32,0,45,0.2750000059604645,0.3149999976158142
32,0,46,0.2549999952316284,0.3149999976158142
32,0,47,0.24500000476837158,0.3100000023841858
32,0,48,0.23999999463558197,0.3050000071525574
32,0,49,0.23999999463558197,0.30000001192092896
32,0,50,0.23000000417232513,0.30000001192092896
32,0,51,0.2199999988079071,0.2849999964237213
32,0,52,0.2199999988079071,0.28999999165534973
32,0,53,0.2199999988079071,0.28999999165534973
32,0,54,0.2199999988079071,0.29499998688697815
32,0,55,0.2150000035762787,0.29499998688697815
32,0,56,0.2150000035762787,0.29499998688697815
32,0,57,0.2150000035762787,0.30000001192092896
32,0,58,0.2199999988079071,0.30000001192092896
32,0,59,0.2199999988079071,0.30000001192092896
32,0,60,0.2199999988079071,0.29499998688697815
32,0,61,0.2199999988079071,0.29499998688697815
32,0,62,0.2199999988079071,0.29499998688697815
32,0,63,0.2199999988079071,0.30000001192092896
32,0,64,0.2150000035762787,0.30000001192092896
32,0,65,0.20999999344348907,0.30000001192092896
32,0,66,0.20499999821186066,0.30000001192092896
32,0,67,0.20499999821186066,0.30000001192092896
32,0,68,0.20000000298023224,0.29499998688697815
32,0,69,0.20000000298023224,0.29499998688697815
32,0,70,0.20000000298023224,0.29499998688697815
32,0,71,0.20499999821186066,0.28999999165534973
32,0,72,0.20499999821186066,0.28999999165534973
32,0,73,0.20000000298023224,0.28999999165534973
32,0,74,0.19499999284744263,0.28999999165534973
32,0,75,0.20000000298023224,0.29499998688697815
32,0,76,0.19499999284744263,0.29499998688697815
32,0,77,0.19499999284744263,0.29499998688697815
32,0,78,0.19499999284744263,0.28999999165534973
32,0,79,0.1899999976158142,0.29499998688697815
32,0,80,0.18000000715255737,0.29499998688697815
32,0,81,0.1850000023841858,0.29499998688697815
32,0,82,0.1850000023841858,0.29499998688697815
32,0,83,0.18000000715255737,0.29499998688697815
32,0,84,0.17499999701976776,0.29499998688697815
32,0,85,0.18000000715255737,0.29499998688697815
32,0,86,0.17499999701976776,0.29499998688697815
32,0,87,0.17499999701976776,0.29499998688697815
32,0,88,0.17499999701976776,0.29499998688697815
32,0,89,0.17499999701976776,0.3050000071525574
32,0,90,0.17499999701976776,0.3050000071525574
32,0,91,0.17499999701976776,0.3050000071525574
32,0,92,0.17499999701976776,0.30000001192092896
32,0,93,0.17499999701976776,0.29499998688697815
32,0,94,0.17499999701976776,0.29499998688697815
32,0,95,0.17000000178813934,0.29499998688697815
32,0,96,0.17000000178813934,0.29499998688697815
32,0,97,0.17000000178813934,0.30000001192092896
32,0,98,0.16500000655651093,0.3050000071525574
32,0,99,0.16500000655651093,0.3149999976158142
32,0,100,0.16500000655651093,0.3149999976158142
32,0,101,0.16500000655651093,0.3149999976158142
32,0,102,0.17000000178813934,0.3149999976158142
32,0,103,0.1599999964237213,0.3199999928474426
32,0,104,0.1550000011920929,0.32499998807907104
32,0,105,0.15000000596046448,0.3199999928474426
32,0,106,0.15000000596046448,0.3199999928474426
32,0,107,0.15000000596046448,0.3199999928474426
32,0,108,0.15000000596046448,0.3199999928474426
32,0,109,0.15000000596046448,0.32499998807907104
32,0,110,0.15000000596046448,0.32499998807907104
32,0,111,0.15000000596046448,0.3199999928474426
32,0,112,0.15000000596046448,0.3199999928474426
32,0,113,0.15000000596046448,0.3199999928474426
32,0,114,0.15000000596046448,0.3149999976158142
32,0,115,0.15000000596046448,0.3149999976158142
32,0,116,0.15000000596046448,0.3149999976158142
32,0,117,0.1550000011920929,0.3050000071525574
32,0,118,0.1550000011920929,0.3050000071525574
32,0,119,0.1550000011920929,0.3050000071525574
32,0,120,0.1550000011920929,0.3050000071525574
32,0,121,0.15000000596046448,0.3050000071525574
32,0,122,0.15000000596046448,0.3050000071525574
32,0,123,0.14499999582767487,0.3050000071525574
32,0,124,0.12999999523162842,0.30000001192092896
32,0,125,0.12999999523162842,0.30000001192092896
32,0,126,0.125,0.30000001192092896
32,0,127,0.125,0.30000001192092896
32,0,128,0.125,0.30000001192092896
32,0,129,0.125,0.30000001192092896
32,0,130,0.11999999731779099,0.3050000071525574
32,0,131,0.11999999731779099,0.3050000071525574
32,0,132,0.11999999731779099,0.3050000071525574
32,0,133,0.10999999940395355,0.3050000071525574
32,0,134,0.10999999940395355,0.3100000023841858
32,0,135,0.10499999672174454,0.3100000023841858
32,0,136,0.10499999672174454,0.3100000023841858
32,0,137,0.10499999672174454,0.3100000023841858
32,0,138,0.10499999672174454,0.3100000023841858
32,0,139,0.10499999672174454,0.3100000023841858
32,0,140,0.10499999672174454,0.3050000071525574
32,0,141,0.10499999672174454,0.3050000071525574
32,0,142,0.10499999672174454,0.30000001192092896
32,0,143,0.10499999672174454,0.30000001192092896
32,0,144,0.10499999672174454,0.30000001192092896
32,0,145,0.10499999672174454,0.30000001192092896
32,0,146,0.10499999672174454,0.30000001192092896
32,0,147,0.10499999672174454,0.30000001192092896
32,0,148,0.10499999672174454,0.30000001192092896
32,0,149,0.10000000149011612,0.30000001192092896
32,0,150,0.10000000149011612,0.30000001192092896
32,0,151,0.10000000149011612,0.30000001192092896
32,0,152,0.10000000149011612,0.30000001192092896
32,0,153,0.0949999988079071,0.30000001192092896
32,0,154,0.0949999988079071,0.30000001192092896
32,0,155,0.0949999988079071,0.30000001192092896
32,0,156,0.09000000357627869,0.30000001192092896
32,0,157,0.09000000357627869,0.30000001192092896
32,0,158,0.09000000357627869,0.3050000071525574
32,0,159,0.09000000357627869,0.3050000071525574
32,0,160,0.09000000357627869,0.3050000071525574
32,0,161,0.08500000089406967,0.3050000071525574
32,0,162,0.08500000089406967,0.3050000071525574
32,0,163,0.08500000089406967,0.3050000071525574
32,0,164,0.08500000089406967,0.3050000071525574
32,0,165,0.08500000089406967,0.3050000071525574
32,0,166,0.08500000089406967,0.3149999976158142
32,0,167,0.08500000089406967,0.3149999976158142
32,0,168,0.08500000089406967,0.3149999976158142
32,0,169,0.07999999821186066,0.3149999976158142
32,0,170,0.07999999821186066,0.3149999976158142
32,0,171,0.07999999821186066,0.3149999976158142
32,0,172,0.07999999821186066,0.3149999976158142
32,0,173,0.07500000298023224,0.3149999976158142
32,0,174,0.07500000298023224,0.3199999928474426
32,0,175,0.07500000298023224,0.3199999928474426
32,0,176,0.07500000298023224,0.3199999928474426
32,0,177,0.07500000298023224,0.3199999928474426
32,0,178,0.07500000298023224,0.3199999928474426
32,0,179,0.07000000029802322,0.3199999928474426
32,0,180,0.06499999761581421,0.3199999928474426
32,0,181,0.06499999761581421,0.3199999928474426
32,0,182,0.06499999761581421,0.3199999928474426
32,0,183,0.06499999761581421,0.3199999928474426
32,0,184,0.05999999865889549,0.3199999928474426
32,0,185,0.05999999865889549,0.3199999928474426
32,0,186,0.05999999865889549,0.3199999928474426
32,0,187,0.05999999865889549,0.3199999928474426
32,0,188,0.05999999865889549,0.3199999928474426
32,0,189,0.05999999865889549,0.3149999976158142
32,0,190,0.05999999865889549,0.3149999976158142
32,0,191,0.05999999865889549,0.3199999928474426
32,0,192,0.05999999865889549,0.3199999928474426
32,0,193,0.05999999865889549,0.3199999928474426
32,0,194,0.05999999865889549,0.3199999928474426
32,0,195,0.05999999865889549,0.3199999928474426
32,0,196,0.05999999865889549,0.3199999928474426
32,0,197,0.05999999865889549,0.3199999928474426
32,0,198,0.05999999865889549,0.3199999928474426
32,0,199,0.05999999865889549,0.3199999928474426
64,0,0,0.4650000035762787,0.48500001430511475
64,0,1,0.44999998807907104,0.46000000834465027
64,0,2,0.4650000035762787,0.45500001311302185
64,0,3,0.46000000834465027,0.4399999976158142
64,0,4,0.4399999976158142,0.4300000071525574
64,0,5,0.44999998807907104,0.4099999964237213
64,0,6,0.42500001192092896,0.41499999165534973
64,0,7,0.4050000011920929,0.41499999165534973
64,0,8,0.4000000059604645,0.39500001072883606
64,0,9,0.38499999046325684,0.3799999952316284
64,0,10,0.36500000953674316,0.38999998569488525
64,0,11,0.375,0.4000000059604645
64,0,12,0.375,0.4099999964237213
64,0,13,0.375,0.4000000059604645
64,0,14,0.3799999952316284,0.4050000011920929
64,0,15,0.39500001072883606,0.4050000011920929
64,0,16,0.38999998569488525,0.4050000011920929
64,0,17,0.375,0.4050000011920929
64,0,18,0.36500000953674316,0.39500001072883606
64,0,19,0.35499998927116394,0.38999998569488525
64,0,20,0.35499998927116394,0.3799999952316284
64,0,21,0.35499998927116394,0.38999998569488525
64,0,22,0.36000001430511475,0.38999998569488525
64,0,23,0.35499998927116394,0.38499999046325684
64,0,24,0.3449999988079071,0.3700000047683716
64,0,25,0.3449999988079071,0.3700000047683716
64,0,26,0.3400000035762787,0.36000001430511475
64,0,27,0.3400000035762787,0.36500000953674316
64,0,28,0.3400000035762787,0.36500000953674316
64,0,29,0.3100000023841858,0.36500000953674316
64,0,30,0.3050000071525574,0.375
64,0,31,0.28999999165534973,0.3799999952316284
64,0,32,0.2849999964237213,0.3799999952316284
64,0,33,0.2800000011920929,0.375
64,0,34,0.27000001072883606,0.3700000047683716
64,0,35,0.26499998569488525,0.3700000047683716
64,0,36,0.26499998569488525,0.3700000047683716
64,0,37,0.25999999046325684,0.36500000953674316
64,0,38,0.25999999046325684,0.375
64,0,39,0.2549999952316284,0.3700000047683716
64,0,40,0.25999999046325684,0.36500000953674316
64,0,41,0.2549999952316284,0.36000001430511475
64,0,42,0.24500000476837158,0.35499998927116394
64,0,43,0.24500000476837158,0.35499998927116394
64,0,44,0.25,0.35499998927116394
64,0,45,0.25,0.35499998927116394
64,0,46,0.25,0.3499999940395355
64,0,47,0.25,0.3449999988079071
64,0,48,0.24500000476837158,0.33500000834465027
64,0,49,0.23999999463558197,0.33500000834465027
64,0,50,0.24500000476837158,0.33500000834465027
64,0,51,0.23499999940395355,0.33000001311302185
64,0,52,0.23499999940395355,0.33000001311302185
64,0,53,0.23499999940395355,0.3199999928474426
64,0,54,0.23499999940395355,0.3199999928474426
64,0,55,0.23499999940395355,0.3149999976158142
64,0,56,0.23499999940395355,0.3149999976158142
64,0,57,0.23499999940395355,0.3149999976158142
64,0,58,0.23000000417232513,0.3149999976158142
64,0,59,0.23499999940395355,0.3149999976158142
64,0,60,0.23000000417232513,0.3149999976158142
64,0,61,0.22499999403953552,0.3199999928474426
64,0,62,0.2199999988079071,0.3149999976158142
64,0,63,0.20999999344348907,0.3100000023841858
64,0,64,0.20000000298023224,0.3100000023841858
64,0,65,0.20000000298023224,0.3100000023841858
64,0,66,0.20000000298023224,0.3100000023841858
64,0,67,0.19499999284744263,0.3050000071525574
64,0,68,0.1899999976158142,0.3050000071525574
64,0,69,0.19499999284744263,0.30000001192092896
64,0,70,0.19499999284744263,0.30000001192092896
64,0,71,0.1899999976158142,0.30000001192092896
64,0,72,0.1899999976158142,0.30000001192092896
64,0,73,0.1899999976158142,0.30000001192092896
64,0,74,0.1850000023841858,0.30000001192092896
64,0,75,0.1850000023841858,0.30000001192092896
64,0,76,0.1850000023841858,0.30000001192092896
64,0,77,0.1850000023841858,0.30000001192092896
64,0,78,0.1850000023841858,0.30000001192092896
64,0,79,0.18000000715255737,0.30000001192092896
64,0,80,0.18000000715255737,0.29499998688697815
64,0,81,0.18000000715255737,0.30000001192092896
64,0,82,0.18000000715255737,0.3050000071525574
64,0,83,0.18000000715255737,0.3050000071525574
64,0,84,0.17499999701976776,0.3050000071525574
64,0,85,0.17000000178813934,0.3050000071525574
64,0,86,0.17000000178813934,0.3050000071525574
64,0,87,0.16500000655651093,0.3050000071525574
64,0,88,0.16500000655651093,0.3050000071525574
64,0,89,0.16500000655651093,0.3050000071525574
64,0,90,0.1599999964237213,0.3100000023841858
64,0,91,0.1599999964237213,0.3100000023841858
64,0,92,0.1550000011920929,0.3100000023841858
64,0,93,0.15000000596046448,0.3100000023841858
64,0,94,0.15000000596046448,0.3100000023841858
64,0,95,0.15000000596046448,0.3100000023841858
64,0,96,0.14000000059604645,0.3100000023841858
64,0,97,0.13500000536441803,0.3100000023841858
64,0,98,0.125,0.3100000023841858
64,0,99,0.125,0.3050000071525574
64,0,100,0.11999999731779099,0.3050000071525574
64,0,101,0.11500000208616257,0.30000001192092896
64,0,102,0.10999999940395355,0.29499998688697815
64,0,103,0.10999999940395355,0.30000001192092896
64,0,104,0.10999999940395355,0.30000001192092896
64,0,105,0.10499999672174454,0.30000001192092896
64,0,106,0.0949999988079071,0.30000001192092896
64,0,107,0.0949999988079071,0.30000001192092896
64,0,108,0.0949999988079071,0.30000001192092896
64,0,109,0.0949999988079071,0.30000001192092896
64,0,110,0.0949999988079071,0.30000001192092896
64,0,111,0.0949999988079071,0.3050000071525574
64,0,112,0.0949999988079071,0.3050000071525574
64,0,113,0.09000000357627869,0.3050000071525574
64,0,114,0.09000000357627869,0.3149999976158142
64,0,115,0.09000000357627869,0.3149999976158142
64,0,116,0.09000000357627869,0.3199999928474426
64,0,117,0.09000000357627869,0.3199999928474426
64,0,118,0.09000000357627869,0.3199999928474426
64,0,119,0.08500000089406967,0.32499998807907104
64,0,120,0.08500000089406967,0.32499998807907104
64,0,121,0.07999999821186066,0.32499998807907104
64,0,122,0.07999999821186066,0.32499998807907104
64,0,123,0.07999999821186066,0.32499998807907104
64,0,124,0.07999999821186066,0.32499998807907104
64,0,125,0.07500000298023224,0.33000001311302185
64,0,126,0.07500000298023224,0.33500000834465027
64,0,127,0.07500000298023224,0.33500000834465027
64,0,128,0.07000000029802322,0.33500000834465027
64,0,129,0.06499999761581421,0.33500000834465027
64,0,130,0.06499999761581421,0.33500000834465027
64,0,131,0.06499999761581421,0.33500000834465027
64,0,132,0.05999999865889549,0.33500000834465027
64,0,133,0.05999999865889549,0.33500000834465027
64,0,134,0.05999999865889549,0.33500000834465027
64,0,135,0.05999999865889549,0.33500000834465027
64,0,136,0.05999999865889549,0.33500000834465027
64,0,137,0.05999999865889549,0.33500000834465027
64,0,138,0.05999999865889549,0.33000001311302185
64,0,139,0.054999999701976776,0.33000001311302185
64,0,140,0.054999999701976776,0.32499998807907104
64,0,141,0.054999999701976776,0.32499998807907104
64,0,142,0.05000000074505806,0.32499998807907104
64,0,143,0.05000000074505806,0.32499998807907104
64,0,144,0.05000000074505806,0.3199999928474426
64,0,145,0.05000000074505806,0.3199999928474426
64,0,146,0.05000000074505806,0.3199999928474426
64,0,147,0.05000000074505806,0.3199999928474426
64,0,148,0.05000000074505806,0.3199999928474426
64,0,149,0.04500000178813934,0.33000001311302185
64,0,150,0.04500000178813934,0.33000001311302185
64,0,151,0.04500000178813934,0.33500000834465027
64,0,152,0.04500000178813934,0.33500000834465027
64,0,153,0.04500000178813934,0.33500000834465027
64,0,154,0.04500000178813934,0.33500000834465027
64,0,155,0.04500000178813934,0.33500000834465027
64,0,156,0.04500000178813934,0.33500000834465027
64,0,157,0.04500000178813934,0.33500000834465027
64,0,158,0.04500000178813934,0.33500000834465027
64,0,159,0.04500000178813934,0.33500000834465027
64,0,160,0.04500000178813934,0.33500000834465027
64,0,161,0.04500000178813934,0.33500000834465027
64,0,162,0.04500000178813934,0.33500000834465027
64,0,163,0.04500000178813934,0.3400000035762787
64,0,164,0.04500000178813934,0.33500000834465027
64,0,165,0.03500000014901161,0.33500000834465027
64,0,166,0.03500000014901161,0.33500000834465027
64,0,167,0.03500000014901161,0.33500000834465027
64,0,168,0.03500000014901161,0.33500000834465027
64,0,169,0.03500000014901161,0.33500000834465027
64,0,170,0.03500000014901161,0.33500000834465027
64,0,171,0.03500000014901161,0.33500000834465027
64,0,172,0.03500000014901161,0.33500000834465027
64,0,173,0.03500000014901161,0.33500000834465027
64,0,174,0.03500000014901161,0.33500000834465027
64,0,175,0.03500000014901161,0.33500000834465027
64,0,176,0.029999999329447746,0.33500000834465027
64,0,177,0.02500000037252903,0.33500000834465027
64,0,178,0.019999999552965164,0.33500000834465027
64,0,179,0.014999999664723873,0.33500000834465027
64,0,180,0.014999999664723873,0.33500000834465027
64,0,181,0.014999999664723873,0.33500000834465027
64,0,182,0.014999999664723873,0.33500000834465027
64,0,183,0.014999999664723873,0.33500000834465027
64,0,184,0.014999999664723873,0.33500000834465027
64,0,185,0.014999999664723873,0.33500000834465027
64,0,186,0.014999999664723873,0.33500000834465027
64,0,187,0.014999999664723873,0.3400000035762787
64,0,188,0.014999999664723873,0.3400000035762787
64,0,189,0.014999999664723873,0.33500000834465027
64,0,190,0.014999999664723873,0.33500000834465027
64,0,191,0.014999999664723873,0.33500000834465027
64,0,192,0.014999999664723873,0.33500000834465027
64,0,193,0.014999999664723873,0.33500000834465027
64,0,194,0.014999999664723873,0.33500000834465027
64,0,195,0.014999999664723873,0.33500000834465027
64,0,196,0.014999999664723873,0.32499998807907104
64,0,197,0.014999999664723873,0.32499998807907104
64,0,198,0.014999999664723873,0.32499998807907104
64,0,199,0.014999999664723873,0.32499998807907104
128,0,0,0.550000011920929,0.5099999904632568
128,0,1,0.5249999761581421,0.4699999988079071
128,0,2,0.4950000047683716,0.4650000035762787
128,0,3,0.4650000035762787,0.4399999976158142
128,0,4,0.44999998807907104,0.4099999964237213
128,0,5,0.4300000071525574,0.41499999165534973
128,0,6,0.42500001192092896,0.4000000059604645
128,0,7,0.41499999165534973,0.38499999046325684
128,0,8,0.3799999952316284,0.375
128,0,9,0.3700000047683716,0.38499999046325684
128,0,10,0.3499999940395355,0.3799999952316284
128,0,11,0.33500000834465027,0.3799999952316284
128,0,12,0.32499998807907104,0.375
128,0,13,0.3149999976158142,0.35499998927116394
128,0,14,0.3050000071525574,0.32499998807907104
128,0,15,0.28999999165534973,0.3199999928474426
128,0,16,0.2849999964237213,0.32499998807907104
128,0,17,0.2800000011920929,0.32499998807907104
128,0,18,0.2800000011920929,0.3199999928474426
128,0,19,0.2849999964237213,0.3199999928474426
128,0,20,0.2800000011920929,0.3199999928474426
128,0,21,0.27000001072883606,0.32499998807907104
128,0,22,0.25999999046325684,0.3199999928474426
128,0,23,0.25999999046325684,0.33000001311302185
128,0,24,0.2549999952316284,0.32499998807907104
128,0,25,0.24500000476837158,0.32499998807907104
128,0,26,0.24500000476837158,0.3149999976158142
128,0,27,0.25,0.3149999976158142
128,0,28,0.24500000476837158,0.3149999976158142
128,0,29,0.23999999463558197,0.3149999976158142
128,0,30,0.22499999403953552,0.3149999976158142
128,0,31,0.2199999988079071,0.32499998807907104
128,0,32,0.20999999344348907,0.3199999928474426
128,0,33,0.20000000298023224,0.3199999928474426
128,0,34,0.20000000298023224,0.3199999928474426
128,0,35,0.19499999284744263,0.3149999976158142
128,0,36,0.1899999976158142,0.3149999976158142
128,0,37,0.1899999976158142,0.3100000023841858
128,0,38,0.18000000715255737,0.30000001192092896
128,0,39,0.17499999701976776,0.3050000071525574
128,0,40,0.17000000178813934,0.30000001192092896
128,0,41,0.16500000655651093,0.3050000071525574
128,0,42,0.1599999964237213,0.3100000023841858
128,0,43,0.1599999964237213,0.3199999928474426
128,0,44,0.1599999964237213,0.3149999976158142
128,0,45,0.1599999964237213,0.3100000023841858
128,0,46,0.1550000011920929,0.3100000023841858
128,0,47,0.15000000596046448,0.3100000023841858
128,0,48,0.14000000059604645,0.3100000023841858
128,0,49,0.14000000059604645,0.3050000071525574
128,0,50,0.13500000536441803,0.3050000071525574
128,0,51,0.125,0.30000001192092896
128,0,52,0.11999999731779099,0.30000001192092896
128,0,53,0.11999999731779099,0.30000001192092896
128,0,54,0.11999999731779099,0.29499998688697815
128,0,55,0.11500000208616257,0.29499998688697815
128,0,56,0.10999999940395355,0.30000001192092896
128,0,57,0.10999999940395355,0.3100000023841858
128,0,58,0.11500000208616257,0.3100000023841858
128,0,59,0.10999999940395355,0.3149999976158142
128,0,60,0.10999999940395355,0.3149999976158142
128,0,61,0.10499999672174454,0.3149999976158142
128,0,62,0.10499999672174454,0.3199999928474426
128,0,63,0.10499999672174454,0.3199999928474426
128,0,64,0.10499999672174454,0.32499998807907104
128,0,65,0.10499999672174454,0.32499998807907104
128,0,66,0.10499999672174454,0.32499998807907104
128,0,67,0.10499999672174454,0.32499998807907104
128,0,68,0.10499999672174454,0.32499998807907104
128,0,69,0.10499999672174454,0.32499998807907104
128,0,70,0.0949999988079071,0.32499998807907104
128,0,71,0.09000000357627869,0.32499998807907104
128,0,72,0.08500000089406967,0.32499998807907104
128,0,73,0.08500000089406967,0.32499998807907104
128,0,74,0.08500000089406967,0.32499998807907104
128,0,75,0.08500000089406967,0.32499998807907104
128,0,76,0.08500000089406967,0.32499998807907104
128,0,77,0.07500000298023224,0.32499998807907104
128,0,78,0.07500000298023224,0.32499998807907104
128,0,79,0.07000000029802322,0.33500000834465027
128,0,80,0.06499999761581421,0.32499998807907104
128,0,81,0.06499999761581421,0.3199999928474426
128,0,82,0.06499999761581421,0.3199999928474426
128,0,83,0.06499999761581421,0.3199999928474426
128,0,84,0.06499999761581421,0.3199999928474426
128,0,85,0.05999999865889549,0.3199999928474426
128,0,86,0.05999999865889549,0.3199999928474426
128,0,87,0.05999999865889549,0.32499998807907104
128,0,88,0.05999999865889549,0.32499998807907104
128,0,89,0.054999999701976776,0.3199999928474426
128,0,90,0.05000000074505806,0.3149999976158142
128,0,91,0.05000000074505806,0.3149999976158142
128,0,92,0.05000000074505806,0.3149999976158142
128,0,93,0.05000000074505806,0.3149999976158142
128,0,94,0.05000000074505806,0.3149999976158142
128,0,95,0.03999999910593033,0.3149999976158142
128,0,96,0.029999999329447746,0.3149999976158142
128,0,97,0.029999999329447746,0.3149999976158142
128,0,98,0.02500000037252903,0.3149999976158142
128,0,99,0.02500000037252903,0.3149999976158142
128,0,100,0.02500000037252903,0.3149999976158142
128,0,101,0.02500000037252903,0.3149999976158142
128,0,102,0.02500000037252903,0.3149999976158142
128,0,103,0.02500000037252903,0.32499998807907104
128,0,104,0.02500000037252903,0.32499998807907104
128,0,105,0.02500000037252903,0.32499998807907104
128,0,106,0.02500000037252903,0.32499998807907104
128,0,107,0.02500000037252903,0.32499998807907104
128,0,108,0.02500000037252903,0.32499998807907104
128,0,109,0.019999999552965164,0.32499998807907104
128,0,110,0.019999999552965164,0.32499998807907104
128,0,111,0.019999999552965164,0.3199999928474426
128,0,112,0.019999999552965164,0.3199999928474426
128,0,113,0.019999999552965164,0.3149999976158142
128,0,114,0.019999999552965164,0.3149999976158142
128,0,115,0.019999999552965164,0.3149999976158142
128,0,116,0.019999999552965164,0.3149999976158142
128,0,117,0.019999999552965164,0.3100000023841858
128,0,118,0.019999999552965164,0.3100000023841858
128,0,119,0.019999999552965164,0.3100000023841858
128,0,120,0.019999999552965164,0.3100000023841858
128,0,121,0.019999999552965164,0.3100000023841858
128,0,122,0.014999999664723873,0.3100000023841858
128,0,123,0.014999999664723873,0.3100000023841858
128,0,124,0.014999999664723873,0.3149999976158142
128,0,125,0.014999999664723873,0.3149999976158142
128,0,126,0.014999999664723873,0.3149999976158142
128,0,127,0.014999999664723873,0.3149999976158142
128,0,128,0.014999999664723873,0.3149999976158142
128,0,129,0.009999999776482582,0.3149999976158142
128,0,130,0.009999999776482582,0.3149999976158142
128,0,131,0.004999999888241291,0.3100000023841858
128,0,132,0.004999999888241291,0.3100000023841858
128,0,133,0.004999999888241291,0.3050000071525574
128,0,134,0.004999999888241291,0.3050000071525574
128,0,135,0.004999999888241291,0.3100000023841858
128,0,136,0.004999999888241291,0.3100000023841858
128,0,137,0.004999999888241291,0.3100000023841858
128,0,138,0.0,0.3050000071525574
128,0,139,0.0,0.3050000071525574
128,0,140,0.0,0.3050000071525574
128,0,141,0.0,0.3050000071525574
128,0,142,0.0,0.3100000023841858
128,0,143,0.0,0.3050000071525574
128,0,144,0.0,0.3050000071525574
128,0,145,0.0,0.3050000071525574
128,0,146,0.0,0.3100000023841858
128,0,147,0.0,0.3100000023841858
128,0,148,0.0,0.3100000023841858
128,0,149,0.0,0.3100000023841858
128,0,150,0.0,0.3100000023841858
128,0,151,0.0,0.3100000023841858
128,0,152,0.0,0.3100000023841858
128,0,153,0.0,0.3100000023841858
128,0,154,0.0,0.3149999976158142
128,0,155,0.0,0.3149999976158142
128,0,156,0.0,0.3149999976158142
128,0,157,0.0,0.3100000023841858
128,0,158,0.0,0.3100000023841858
128,0,159,0.0,0.3100000023841858
128,0,160,0.0,0.3100000023841858
128,0,161,0.0,0.3100000023841858
128,0,162,0.0,0.3100000023841858
128,0,163,0.0,0.3100000023841858
128,0,164,0.0,0.3149999976158142
128,0,165,0.0,0.3149999976158142
128,0,166,0.0,0.3149999976158142
128,0,167,0.0,0.3149999976158142
128,0,168,0.0,0.3199999928474426
128,0,169,0.0,0.3199999928474426
128,0,170,0.0,0.3199999928474426
128,0,171,0.0,0.3199999928474426
128,0,172,0.0,0.3149999976158142
128,0,173,0.0,0.3149999976158142
128,0,174,0.0,0.3149999976158142
128,0,175,0.0,0.3149999976158142
128,0,176,0.0,0.3149999976158142
128,0,177,0.0,0.3149999976158142
128,0,178,0.0,0.3100000023841858
128,0,179,0.0,0.3100000023841858
128,0,180,0.0,0.3100000023841858
128,0,181,0.0,0.3100000023841858
128,0,182,0.0,0.3100000023841858
128,0,183,0.0,0.3100000023841858
128,0,184,0.0,0.3100000023841858
128,0,185,0.0,0.3149999976158142
128,0,186,0.0,0.3149999976158142
128,0,187,0.0,0.3149999976158142
128,0,188,0.0,0.3149999976158142
128,0,189,0.0,0.3149999976158142
128,0,190,0.0,0.3100000023841858
128,0,191,0.0,0.3100000023841858
128,0,192,0.0,0.3149999976158142
128,0,193,0.0,0.3149999976158142
128,0,194,0.0,0.3149999976158142
128,0,195,0.0,0.3149999976158142
128,0,196,0.0,0.3149999976158142
128,0,197,0.0,0.3149999976158142
128,0,198,0.0,0.3149999976158142
128,0,199,0.0,0.3149999976158142
256,0,0,0.36500000953674316,0.42500001192092896
256,0,1,0.3449999988079071,0.4099999964237213
256,0,2,0.33500000834465027,0.38499999046325684
256,0,3,0.3149999976158142,0.3700000047683716
256,0,4,0.3050000071525574,0.36000001430511475
256,0,5,0.2800000011920929,0.36500000953674316
256,0,6,0.26499998569488525,0.32499998807907104
256,0,7,0.2549999952316284,0.3100000023841858
256,0,8,0.27000001072883606,0.3100000023841858
256,0,9,0.26499998569488525,0.30000001192092896
256,0,10,0.2549999952316284,0.29499998688697815
256,0,11,0.27000001072883606,0.28999999165534973
256,0,12,0.2750000059604645,0.28999999165534973
256,0,13,0.25999999046325684,0.28999999165534973
256,0,14,0.24500000476837158,0.2849999964237213
256,0,15,0.23999999463558197,0.2800000011920929
256,0,16,0.23999999463558197,0.2750000059604645
256,0,17,0.23999999463558197,0.2800000011920929
256,0,18,0.23499999940395355,0.2750000059604645
256,0,19,0.23499999940395355,0.2800000011920929
256,0,20,0.22499999403953552,0.2800000011920929
256,0,21,0.2150000035762787,0.28999999165534973
256,0,22,0.2150000035762787,0.29499998688697815
256,0,23,0.19499999284744263,0.30000001192092896
256,0,24,0.1899999976158142,0.29499998688697815
256,0,25,0.1899999976158142,0.29499998688697815
256,0,26,0.1899999976158142,0.29499998688697815
256,0,27,0.19499999284744263,0.29499998688697815
256,0,28,0.19499999284744263,0.2849999964237213
256,0,29,0.18000000715255737,0.2800000011920929
256,0,30,0.17000000178813934,0.2849999964237213
256,0,31,0.1550000011920929,0.2849999964237213
256,0,32,0.15000000596046448,0.2800000011920929
256,0,33,0.15000000596046448,0.2849999964237213
256,0,34,0.14499999582767487,0.2849999964237213
256,0,35,0.14000000059604645,0.2849999964237213
256,0,36,0.14000000059604645,0.2849999964237213
256,0,37,0.13500000536441803,0.28999999165534973
256,0,38,0.12999999523162842,0.28999999165534973
256,0,39,0.12999999523162842,0.28999999165534973
256,0,40,0.11500000208616257,0.28999999165534973
256,0,41,0.10000000149011612,0.2849999964237213
256,0,42,0.0949999988079071,0.28999999165534973
256,0,43,0.08500000089406967,0.28999999165534973
256,0,44,0.09000000357627869,0.28999999165534973
256,0,45,0.09000000357627869,0.28999999165534973
256,0,46,0.09000000357627869,0.28999999165534973
256,0,47,0.09000000357627869,0.2849999964237213
256,0,48,0.09000000357627869,0.2849999964237213
256,0,49,0.09000000357627869,0.2849999964237213
256,0,50,0.07999999821186066,0.28999999165534973
256,0,51,0.07500000298023224,0.28999999165534973
256,0,52,0.07000000029802322,0.28999999165534973
256,0,53,0.06499999761581421,0.28999999165534973
256,0,54,0.06499999761581421,0.28999999165534973
256,0,55,0.06499999761581421,0.28999999165534973
256,0,56,0.06499999761581421,0.28999999165534973
256,0,57,0.06499999761581421,0.28999999165534973
256,0,58,0.05999999865889549,0.28999999165534973
256,0,59,0.05999999865889549,0.28999999165534973
256,0,60,0.04500000178813934,0.28999999165534973
256,0,61,0.03999999910593033,0.29499998688697815
256,0,62,0.03999999910593033,0.29499998688697815
256,0,63,0.03999999910593033,0.29499998688697815
256,0,64,0.03500000014901161,0.29499998688697815
256,0,65,0.029999999329447746,0.30000001192092896
256,0,66,0.029999999329447746,0.30000001192092896
256,0,67,0.029999999329447746,0.30000001192092896
256,0,68,0.029999999329447746,0.30000001192092896
256,0,69,0.029999999329447746,0.30000001192092896
256,0,70,0.029999999329447746,0.30000001192092896
256,0,71,0.02500000037252903,0.30000001192092896
256,0,72,0.02500000037252903,0.30000001192092896
256,0,73,0.02500000037252903,0.30000001192092896
256,0,74,0.014999999664723873,0.3050000071525574
256,0,75,0.014999999664723873,0.30000001192092896
256,0,76,0.014999999664723873,0.30000001192092896
256,0,77,0.014999999664723873,0.30000001192092896
256,0,78,0.014999999664723873,0.3050000071525574
256,0,79,0.014999999664723873,0.3100000023841858
256,0,80,0.014999999664723873,0.3100000023841858
256,0,81,0.014999999664723873,0.3100000023841858
256,0,82,0.009999999776482582,0.3100000023841858
256,0,83,0.009999999776482582,0.3100000023841858
256,0,84,0.009999999776482582,0.3149999976158142
256,0,85,0.004999999888241291,0.3149999976158142
256,0,86,0.004999999888241291,0.3100000023841858
256,0,87,0.004999999888241291,0.3100000023841858
256,0,88,0.004999999888241291,0.3100000023841858
256,0,89,0.0,0.3100000023841858
256,0,90,0.0,0.3100000023841858
256,0,91,0.0,0.3149999976158142
256,0,92,0.0,0.3199999928474426
256,0,93,0.0,0.3199999928474426
256,0,94,0.0,0.3199999928474426
256,0,95,0.0,0.3199999928474426
256,0,96,0.0,0.3199999928474426
256,0,97,0.0,0.3199999928474426
256,0,98,0.0,0.3199999928474426
256,0,99,0.0,0.32499998807907104
256,0,100,0.0,0.32499998807907104
256,0,101,0.0,0.32499998807907104
256,0,102,0.0,0.32499998807907104
256,0,103,0.0,0.32499998807907104
256,0,104,0.0,0.32499998807907104
256,0,105,0.0,0.32499998807907104
256,0,106,0.0,0.32499998807907104
256,0,107,0.0,0.32499998807907104
256,0,108,0.0,0.32499998807907104
256,0,109,0.0,0.32499998807907104
256,0,110,0.0,0.32499998807907104
256,0,111,0.0,0.32499998807907104
256,0,112,0.0,0.32499998807907104
256,0,113,0.0,0.32499998807907104
256,0,114,0.0,0.32499998807907104
256,0,115,0.0,0.32499998807907104
256,0,116,0.0,0.3199999928474426
256,0,117,0.0,0.3199999928474426
256,0,118,0.0,0.3199999928474426
256,0,119,0.0,0.3199999928474426
256,0,120,0.0,0.3199999928474426
256,0,121,0.0,0.3199999928474426
256,0,122,0.0,0.3199999928474426
256,0,123,0.0,0.3199999928474426
256,0,124,0.0,0.3199999928474426
256,0,125,0.0,0.3199999928474426
256,0,126,0.0,0.3199999928474426
256,0,127,0.0,0.3199999928474426
256,0,128,0.0,0.3199999928474426
256,0,129,0.0,0.3199999928474426
256,0,130,0.0,0.3199999928474426
256,0,131,0.0,0.3199999928474426
256,0,132,0.0,0.3199999928474426
256,0,133,0.0,0.3199999928474426
256,0,134,0.0,0.3199999928474426
256,0,135,0.0,0.3199999928474426
256,0,136,0.0,0.3199999928474426
256,0,137,0.0,0.3199999928474426
256,0,138,0.0,0.3199999928474426
256,0,139,0.0,0.3199999928474426
256,0,140,0.0,0.3199999928474426
256,0,141,0.0,0.3199999928474426
256,0,142,0.0,0.3199999928474426
256,0,143,0.0,0.3199999928474426
256,0,144,0.0,0.3199999928474426
256,0,145,0.0,0.3199999928474426
256,0,146,0.0,0.3199999928474426
256,0,147,0.0,0.3199999928474426
256,0,148,0.0,0.32499998807907104
256,0,149,0.0,0.3199999928474426
256,0,150,0.0,0.3199999928474426
256,0,151,0.0,0.3199999928474426
256,0,152,0.0,0.3199999928474426
256,0,153,0.0,0.3199999928474426
256,0,154,0.0,0.3199999928474426
256,0,155,0.0,0.3199999928474426
256,0,156,0.0,0.3199999928474426
256,0,157,0.0,0.3199999928474426
256,0,158,0.0,0.3199999928474426
256,0,159,0.0,0.3199999928474426
256,0,160,0.0,0.3199999928474426
256,0,161,0.0,0.3199999928474426
256,0,162,0.0,0.3199999928474426
256,0,163,0.0,0.3199999928474426
256,0,164,0.0,0.3199999928474426
256,0,165,0.0,0.3199999928474426
256,0,166,0.0,0.3199999928474426
256,0,167,0.0,0.3199999928474426
256,0,168,0.0,0.3199999928474426
256,0,169,0.0,0.3199999928474426
256,0,170,0.0,0.3199999928474426
256,0,171,0.0,0.3199999928474426
256,0,172,0.0,0.3199999928474426
256,0,173,0.0,0.3199999928474426
256,0,174,0.0,0.3199999928474426
256,0,175,0.0,0.3199999928474426
256,0,176,0.0,0.3199999928474426
256,0,177,0.0,0.3199999928474426
256,0,178,0.0,0.3199999928474426
256,0,179,0.0,0.3199999928474426
256,0,180,0.0,0.3199999928474426
256,0,181,0.0,0.3199999928474426
256,0,182,0.0,0.3199999928474426
256,0,183,0.0,0.3199999928474426
256,0,184,0.0,0.3199999928474426
256,0,185,0.0,0.3199999928474426
256,0,186,0.0,0.3149999976158142
256,0,187,0.0,0.3149999976158142
256,0,188,0.0,0.3149999976158142
256,0,189,0.0,0.3149999976158142
256,0,190,0.0,0.3149999976158142
256,0,191,0.0,0.3149999976158142
256,0,192,0.0,0.3149999976158142
256,0,193,0.0,0.3149999976158142
256,0,194,0.0,0.3149999976158142
256,0,195,0.0,0.3149999976158142
256,0,196,0.0,0.3149999976158142
256,0,197,0.0,0.3149999976158142
256,0,198,0.0,0.3149999976158142
256,0,199,0.0,0.3149999976158142
512,0,0,0.4950000047683716,0.5
512,0,1,0.4300000071525574,0.41499999165534973
512,0,2,0.375,0.4050000011920929
512,0,3,0.36000001430511475,0.36500000953674316
512,0,4,0.3050000071525574,0.35499998927116394
512,0,5,0.3149999976158142,0.36000001430511475
512,0,6,0.3149999976158142,0.3449999988079071
512,0,7,0.2800000011920929,0.33000001311302185
512,0,8,0.2750000059604645,0.33000001311302185
512,0,9,0.26499998569488525,0.3100000023841858
512,0,10,0.2800000011920929,0.3050000071525574
512,0,11,0.27000001072883606,0.3100000023841858
512,0,12,0.27000001072883606,0.30000001192092896
512,0,13,0.25,0.29499998688697815
512,0,14,0.23000000417232513,0.28999999165534973
512,0,15,0.2199999988079071,0.29499998688697815
512,0,16,0.22499999403953552,0.29499998688697815
512,0,17,0.22499999403953552,0.30000001192092896
512,0,18,0.2150000035762787,0.28999999165534973
512,0,19,0.20000000298023224,0.29499998688697815
512,0,20,0.1899999976158142,0.3050000071525574
512,0,21,0.1899999976158142,0.3100000023841858
512,0,22,0.17499999701976776,0.3149999976158142
512,0,23,0.17000000178813934,0.3149999976158142
512,0,24,0.17499999701976776,0.3100000023841858
512,0,25,0.16500000655651093,0.3100000023841858
512,0,26,0.15000000596046448,0.3050000071525574
512,0,27,0.15000000596046448,0.3050000071525574
512,0,28,0.14000000059604645,0.3100000023841858
512,0,29,0.14000000059604645,0.3050000071525574
512,0,30,0.12999999523162842,0.3100000023841858
512,0,31,0.11999999731779099,0.3100000023841858
512,0,32,0.11500000208616257,0.29499998688697815
512,0,33,0.11500000208616257,0.28999999165534973
512,0,34,0.10999999940395355,0.28999999165534973
512,0,35,0.10499999672174454,0.28999999165534973
512,0,36,0.10499999672174454,0.29499998688697815
512,0,37,0.10499999672174454,0.28999999165534973
512,0,38,0.10000000149011612,0.28999999165534973
512,0,39,0.10000000149011612,0.28999999165534973
512,0,40,0.10000000149011612,0.28999999165534973
512,0,41,0.10000000149011612,0.28999999165534973
512,0,42,0.10000000149011612,0.29499998688697815
512,0,43,0.08500000089406967,0.30000001192092896
512,0,44,0.08500000089406967,0.30000001192092896
512,0,45,0.08500000089406967,0.3050000071525574
512,0,46,0.08500000089406967,0.3050000071525574
512,0,47,0.07999999821186066,0.3050000071525574
512,0,48,0.07999999821186066,0.3050000071525574
512,0,49,0.07999999821186066,0.3050000071525574
512,0,50,0.06499999761581421,0.3100000023841858
512,0,51,0.05999999865889549,0.3100000023841858
512,0,52,0.054999999701976776,0.3100000023841858
512,0,53,0.054999999701976776,0.3050000071525574
512,0,54,0.05000000074505806,0.3100000023841858
512,0,55,0.03999999910593033,0.3100000023841858
512,0,56,0.03999999910593033,0.3100000023841858
512,0,57,0.03500000014901161,0.3100000023841858
512,0,58,0.03500000014901161,0.3050000071525574
512,0,59,0.02500000037252903,0.30000001192092896
512,0,60,0.02500000037252903,0.30000001192092896
512,0,61,0.02500000037252903,0.30000001192092896
512,0,62,0.019999999552965164,0.30000001192092896
512,0,63,0.019999999552965164,0.30000001192092896
512,0,64,0.019999999552965164,0.30000001192092896
512,0,65,0.019999999552965164,0.3050000071525574
512,0,66,0.019999999552965164,0.3050000071525574
512,0,67,0.019999999552965164,0.3050000071525574
512,0,68,0.014999999664723873,0.3050000071525574
512,0,69,0.014999999664723873,0.3050000071525574
512,0,70,0.009999999776482582,0.3050000071525574
512,0,71,0.009999999776482582,0.3100000023841858
512,0,72,0.004999999888241291,0.3100000023841858
512,0,73,0.004999999888241291,0.3100000023841858
512,0,74,0.004999999888241291,0.3100000023841858
512,0,75,0.004999999888241291,0.3149999976158142
512,0,76,0.0,0.3149999976158142
512,0,77,0.0,0.3149999976158142
512,0,78,0.0,0.3149999976158142
512,0,79,0.0,0.3149999976158142
512,0,80,0.0,0.3149999976158142
512,0,81,0.0,0.3149999976158142
512,0,82,0.0,0.3149999976158142
512,0,83,0.0,0.3149999976158142
512,0,84,0.0,0.3100000023841858
512,0,85,0.0,0.3100000023841858
512,0,86,0.0,0.3149999976158142
512,0,87,0.0,0.3149999976158142
512,0,88,0.0,0.3149999976158142
512,0,89,0.0,0.3199999928474426
512,0,90,0.0,0.3199999928474426
512,0,91,0.0,0.3199999928474426
512,0,92,0.0,0.3199999928474426
512,0,93,0.0,0.3199999928474426
512,0,94,0.0,0.3199999928474426
512,0,95,0.0,0.3199999928474426
512,0,96,0.0,0.32499998807907104
512,0,97,0.0,0.32499998807907104
512,0,98,0.0,0.32499998807907104
512,0,99,0.0,0.32499998807907104
512,0,100,0.0,0.32499998807907104
512,0,101,0.0,0.32499998807907104
512,0,102,0.0,0.32499998807907104
512,0,103,0.0,0.32499998807907104
512,0,104,0.0,0.32499998807907104
512,0,105,0.0,0.32499998807907104
512,0,106,0.0,0.32499998807907104
512,0,107,0.0,0.32499998807907104
512,0,108,0.0,0.32499998807907104
512,0,109,0.0,0.3199999928474426
512,0,110,0.0,0.3199999928474426
512,0,111,0.0,0.3199999928474426
512,0,112,0.0,0.3199999928474426
512,0,113,0.0,0.3199999928474426
512,0,114,0.0,0.3199999928474426
512,0,115,0.0,0.3199999928474426
512,0,116,0.0,0.3199999928474426
512,0,117,0.0,0.3199999928474426
512,0,118,0.0,0.3199999928474426
512,0,119,0.0,0.3199999928474426
512,0,120,0.0,0.32499998807907104
512,0,121,0.0,0.32499998807907104
512,0,122,0.0,0.32499998807907104
512,0,123,0.0,0.32499998807907104
512,0,124,0.0,0.32499998807907104
512,0,125,0.0,0.32499998807907104
512,0,126,0.0,0.32499998807907104
512,0,127,0.0,0.32499998807907104
512,0,128,0.0,0.32499998807907104
512,0,129,0.0,0.32499998807907104
512,0,130,0.0,0.32499998807907104
512,0,131,0.0,0.32499998807907104
512,0,132,0.0,0.32499998807907104
512,0,133,0.0,0.32499998807907104
512,0,134,0.0,0.32499998807907104
512,0,135,0.0,0.32499998807907104
512,0,136,0.0,0.32499998807907104
512,0,137,0.0,0.32499998807907104
512,0,138,0.0,0.32499998807907104
512,0,139,0.0,0.32499998807907104
512,0,140,0.0,0.32499998807907104
512,0,141,0.0,0.32499998807907104
512,0,142,0.0,0.32499998807907104
512,0,143,0.0,0.33000001311302185
512,0,144,0.0,0.33000001311302185
512,0,145,0.0,0.33000001311302185
512,0,146,0.0,0.33000001311302185
512,0,147,0.0,0.33000001311302185
512,0,148,0.0,0.33000001311302185
512,0,149,0.0,0.33000001311302185
512,0,150,0.0,0.33000001311302185
512,0,151,0.0,0.33000001311302185
512,0,152,0.0,0.33000001311302185
512,0,153,0.0,0.33000001311302185
512,0,154,0.0,0.32499998807907104
512,0,155,0.0,0.32499998807907104
512,0,156,0.0,0.32499998807907104
512,0,157,0.0,0.32499998807907104
512,0,158,0.0,0.32499998807907104
512,0,159,0.0,0.32499998807907104
512,0,160,0.0,0.32499998807907104
512,0,161,0.0,0.32499998807907104
512,0,162,0.0,0.32499998807907104
512,0,163,0.0,0.32499998807907104
512,0,164,0.0,0.32499998807907104
512,0,165,0.0,0.32499998807907104
512,0,166,0.0,0.32499998807907104
512,0,167,0.0,0.32499998807907104
512,0,168,0.0,0.32499998807907104
512,0,169,0.0,0.32499998807907104
512,0,170,0.0,0.32499998807907104
512,0,171,0.0,0.32499998807907104
512,0,172,0.0,0.32499998807907104
512,0,173,0.0,0.32499998807907104
512,0,174,0.0,0.32499998807907104
512,0,175,0.0,0.32499998807907104
512,0,176,0.0,0.32499998807907104
512,0,177,0.0,0.32499998807907104
512,0,178,0.0,0.32499998807907104
512,0,179,0.0,0.32499998807907104
512,0,180,0.0,0.32499998807907104
512,0,181,0.0,0.32499998807907104
512,0,182,0.0,0.32499998807907104
512,0,183,0.0,0.32499998807907104
512,0,184,0.0,0.32499998807907104
512,0,185,0.0,0.32499998807907104
512,0,186,0.0,0.32499998807907104
512,0,187,0.0,0.32499998807907104
512,0,188,0.0,0.32499998807907104
512,0,189,0.0,0.32499998807907104
512,0,190,0.0,0.32499998807907104
512,0,191,0.0,0.32499998807907104
512,0,192,0.0,0.32499998807907104
512,0,193,0.0,0.32499998807907104
512,0,194,0.0,0.32499998807907104
512,0,195,0.0,0.32499998807907104
512,0,196,0.0,0.32499998807907104
512,0,197,0.0,0.32499998807907104
512,0,198,0.0,0.32499998807907104
512,0,199,0.0,0.32499998807907104
4,1,0,0.4350000023841858,0.4950000047683716
4,1,1,0.4449999928474426,0.5
4,1,2,0.44999998807907104,0.5
4,1,3,0.4449999928474426,0.5
4,1,4,0.4300000071525574,0.5
4,1,5,0.42500001192092896,0.4950000047683716
4,1,6,0.41999998688697815,0.49000000953674316
4,1,7,0.41999998688697815,0.49000000953674316
4,1,8,0.4050000011920929,0.48500001430511475
4,1,9,0.4050000011920929,0.47999998927116394
4,1,10,0.41999998688697815,0.4300000071525574
4,1,11,0.41499999165534973,0.42500001192092896
4,1,12,0.41499999165534973,0.41999998688697815
4,1,13,0.4099999964237213,0.41999998688697815
4,1,14,0.4099999964237213,0.41999998688697815
4,1,15,0.4000000059604645,0.41499999165534973
4,1,16,0.4050000011920929,0.41499999165534973
4,1,17,0.4050000011920929,0.41499999165534973
4,1,18,0.4000000059604645,0.4099999964237213
4,1,19,0.4000000059604645,0.4050000011920929
4,1,20,0.4000000059604645,0.4050000011920929
4,1,21,0.39500001072883606,0.4000000059604645
4,1,22,0.38999998569488525,0.4000000059604645
4,1,23,0.38499999046325684,0.4050000011920929
4,1,24,0.375,0.4050000011920929
4,1,25,0.375,0.4000000059604645
4,1,26,0.36500000953674316,0.39500001072883606
4,1,27,0.36000001430511475,0.38999998569488525
4,1,28,0.36000001430511475,0.38499999046325684
4,1,29,0.36000001430511475,0.38499999046325684
4,1,30,0.36000001430511475,0.375
4,1,31,0.36000001430511475,0.3700000047683716
4,1,32,0.35499998927116394,0.3700000047683716
4,1,33,0.3449999988079071,0.3700000047683716
4,1,34,0.3400000035762787,0.375
4,1,35,0.33500000834465027,0.375
4,1,36,0.33500000834465027,0.375
4,1,37,0.33500000834465027,0.3700000047683716
4,1,38,0.3400000035762787,0.36500000953674316
4,1,39,0.33500000834465027,0.36500000953674316
4,1,40,0.33000001311302185,0.36500000953674316
4,1,41,0.32499998807907104,0.36500000953674316
4,1,42,0.33000001311302185,0.36500000953674316
4,1,43,0.33000001311302185,0.36000001430511475
4,1,44,0.33000001311302185,0.35499998927116394
4,1,45,0.32499998807907104,0.3449999988079071
4,1,46,0.32499998807907104,0.3449999988079071
4,1,47,0.3199999928474426,0.3449999988079071
4,1,48,0.32499998807907104,0.3449999988079071
4,1,49,0.32499998807907104,0.3449999988079071
4,1,50,0.33000001311302185,0.3499999940395355
4,1,51,0.32499998807907104,0.3499999940395355
4,1,52,0.3199999928474426,0.3499999940395355
4,1,53,0.3100000023841858,0.39500001072883606
4,1,54,0.30000001192092896,0.39500001072883606
4,1,55,0.30000001192092896,0.39500001072883606
4,1,56,0.29499998688697815,0.39500001072883606
4,1,57,0.29499998688697815,0.39500001072883606
4,1,58,0.29499998688697815,0.39500001072883606
4,1,59,0.29499998688697815,0.39500001072883606
4,1,60,0.29499998688697815,0.38999998569488525
4,1,61,0.29499998688697815,0.38999998569488525
4,1,62,0.28999999165534973,0.39500001072883606
4,1,63,0.28999999165534973,0.39500001072883606
4,1,64,0.28999999165534973,0.38999998569488525
4,1,65,0.28999999165534973,0.38999998569488525
4,1,66,0.28999999165534973,0.38999998569488525
4,1,67,0.2849999964237213,0.38999998569488525
4,1,68,0.26499998569488525,0.38999998569488525
4,1,69,0.26499998569488525,0.38999998569488525
4,1,70,0.25999999046325684,0.38999998569488525
4,1,71,0.26499998569488525,0.38499999046325684
4,1,72,0.26499998569488525,0.38999998569488525
4,1,73,0.26499998569488525,0.38499999046325684
4,1,74,0.26499998569488525,0.38999998569488525
4,1,75,0.25999999046325684,0.38999998569488525
4,1,76,0.25999999046325684,0.38999998569488525
4,1,77,0.26499998569488525,0.375
4,1,78,0.26499998569488525,0.36500000953674316
4,1,79,0.25999999046325684,0.35499998927116394
4,1,80,0.25999999046325684,0.35499998927116394
4,1,81,0.25999999046325684,0.35499998927116394
4,1,82,0.25999999046325684,0.35499998927116394
4,1,83,0.25999999046325684,0.35499998927116394
4,1,84,0.2549999952316284,0.35499998927116394
4,1,85,0.2549999952316284,0.3449999988079071
4,1,86,0.2549999952316284,0.3499999940395355
4,1,87,0.2549999952316284,0.3499999940395355
4,1,88,0.2549999952316284,0.3499999940395355
4,1,89,0.25,0.3499999940395355
4,1,90,0.2549999952316284,0.35499998927116394
4,1,91,0.2549999952316284,0.3499999940395355
4,1,92,0.25999999046325684,0.3449999988079071
4,1,93,0.2549999952316284,0.33000001311302185
4,1,94,0.25999999046325684,0.33000001311302185
4,1,95,0.25999999046325684,0.32499998807907104
4,1,96,0.2549999952316284,0.32499998807907104
4,1,97,0.2549999952316284,0.32499998807907104
4,1,98,0.25,0.3199999928474426
4,1,99,0.25,0.3199999928474426
4,1,100,0.2549999952316284,0.3199999928474426
4,1,101,0.2549999952316284,0.3199999928474426
4,1,102,0.2549999952316284,0.3199999928474426
4,1,103,0.2549999952316284,0.3100000023841858
4,1,104,0.25,0.3100000023841858
4,1,105,0.24500000476837158,0.3100000023841858
4,1,106,0.24500000476837158,0.3100000023841858
4,1,107,0.24500000476837158,0.3100000023841858
4,1,108,0.24500000476837158,0.3100000023841858
4,1,109,0.24500000476837158,0.3100000023841858
4,1,110,0.25,0.3100000023841858
4,1,111,0.25,0.3100000023841858
4,1,112,0.24500000476837158,0.3100000023841858
4,1,113,0.24500000476837158,0.3100000023841858
4,1,114,0.24500000476837158,0.3100000023841858
4,1,115,0.24500000476837158,0.3100000023841858
4,1,116,0.24500000476837158,0.3050000071525574
4,1,117,0.24500000476837158,0.3050000071525574
4,1,118,0.24500000476837158,0.3050000071525574
4,1,119,0.25,0.3050000071525574
4,1,120,0.25,0.30000001192092896
4,1,121,0.25,0.3050000071525574
4,1,122,0.25,0.3050000071525574
4,1,123,0.25,0.3050000071525574
4,1,124,0.25,0.3050000071525574
4,1,125,0.25,0.3050000071525574
4,1,126,0.25,0.3050000071525574
4,1,127,0.25,0.3050000071525574
4,1,128,0.2549999952316284,0.3050000071525574
4,1,129,0.2549999952316284,0.3050000071525574
4,1,130,0.2549999952316284,0.3050000071525574
4,1,131,0.2549999952316284,0.30000001192092896
4,1,132,0.2549999952316284,0.29499998688697815
4,1,133,0.2549999952316284,0.29499998688697815
4,1,134,0.2549999952316284,0.28999999165534973
4,1,135,0.2549999952316284,0.28999999165534973
4,1,136,0.25999999046325684,0.2849999964237213
4,1,137,0.25999999046325684,0.2800000011920929
4,1,138,0.25999999046325684,0.2800000011920929
4,1,139,0.2549999952316284,0.2800000011920929
4,1,140,0.2549999952316284,0.2800000011920929
4,1,141,0.2549999952316284,0.2849999964237213
4,1,142,0.2549999952316284,0.2849999964237213
4,1,143,0.2549999952316284,0.2849999964237213
4,1,144,0.25,0.2849999964237213
4,1,145,0.25,0.2849999964237213
4,1,146,0.25,0.2800000011920929
4,1,147,0.25,0.2800000011920929
4,1,148,0.25,0.2800000011920929
4,1,149,0.25,0.2849999964237213
4,1,150,0.25,0.2849999964237213
4,1,151,0.25,0.2849999964237213
4,1,152,0.25,0.2849999964237213
4,1,153,0.25,0.2849999964237213
4,1,154,0.25,0.2849999964237213
4,1,155,0.25,0.2849999964237213
4,1,156,0.25,0.2849999964237213
4,1,157,0.25,0.2849999964237213
4,1,158,0.25,0.2849999964237213
4,1,159,0.24500000476837158,0.2800000011920929
4,1,160,0.23999999463558197,0.2800000011920929
4,1,161,0.23999999463558197,0.2800000011920929
4,1,162,0.23999999463558197,0.2800000011920929
4,1,163,0.23999999463558197,0.2849999964237213
4,1,164,0.23999999463558197,0.2849999964237213
4,1,165,0.23999999463558197,0.2849999964237213
4,1,166,0.23999999463558197,0.2849999964237213
4,1,167,0.23999999463558197,0.2849999964237213
4,1,168,0.23999999463558197,0.2849999964237213
4,1,169,0.23999999463558197,0.2849999964237213
4,1,170,0.23999999463558197,0.2849999964237213
4,1,171,0.23999999463558197,0.2849999964237213
4,1,172,0.23999999463558197,0.2849999964237213
4,1,173,0.23499999940395355,0.2849999964237213
4,1,174,0.23499999940395355,0.2849999964237213
4,1,175,0.23499999940395355,0.2849999964237213
4,1,176,0.23999999463558197,0.2849999964237213
4,1,177,0.23999999463558197,0.2849999964237213
4,1,178,0.23999999463558197,0.2849999964237213
4,1,179,0.23999999463558197,0.2849999964237213
4,1,180,0.23999999463558197,0.2849999964237213
4,1,181,0.23999999463558197,0.28999999165534973
4,1,182,0.23999999463558197,0.28999999165534973
4,1,183,0.23999999463558197,0.28999999165534973
4,1,184,0.23999999463558197,0.28999999165534973
4,1,185,0.23999999463558197,0.28999999165534973
4,1,186,0.23499999940395355,0.28999999165534973
4,1,187,0.23499999940395355,0.28999999165534973
4,1,188,0.23499999940395355,0.28999999165534973
4,1,189,0.23499999940395355,0.2849999964237213
4,1,190,0.23499999940395355,0.2849999964237213
4,1,191,0.23499999940395355,0.2849999964237213
4,1,192,0.23499999940395355,0.2849999964237213
4,1,193,0.23499999940395355,0.2849999964237213
4,1,194,0.23000000417232513,0.2849999964237213
4,1,195,0.23000000417232513,0.2849999964237213
4,1,196,0.23000000417232513,0.2849999964237213
4,1,197,0.22499999403953552,0.2849999964237213
4,1,198,0.22499999403953552,0.2849999964237213
4,1,199,0.22499999403953552,0.2750000059604645
8,1,0,0.5149999856948853,0.5299999713897705
8,1,1,0.5099999904632568,0.5299999713897705
8,1,2,0.5099999904632568,0.5299999713897705
8,1,3,0.5099999904632568,0.5249999761581421
8,1,4,0.5099999904632568,0.5199999809265137
8,1,5,0.5049999952316284,0.5199999809265137
8,1,6,0.5049999952316284,0.5149999856948853
8,1,7,0.5,0.5149999856948853
8,1,8,0.5,0.5149999856948853
8,1,9,0.5049999952316284,0.5099999904632568
8,1,10,0.5,0.5049999952316284
8,1,11,0.4950000047683716,0.4950000047683716
8,1,12,0.5,0.4950000047683716
8,1,13,0.5,0.4950000047683716
8,1,14,0.4950000047683716,0.49000000953674316
8,1,15,0.49000000953674316,0.48500001430511475
8,1,16,0.47999998927116394,0.48500001430511475
8,1,17,0.47999998927116394,0.47999998927116394
8,1,18,0.4749999940395355,0.47999998927116394
8,1,19,0.4650000035762787,0.47999998927116394
8,1,20,0.4650000035762787,0.4749999940395355
8,1,21,0.45500001311302185,0.46000000834465027
8,1,22,0.44999998807907104,0.46000000834465027
8,1,23,0.44999998807907104,0.4650000035762787
8,1,24,0.44999998807907104,0.4650000035762787
8,1,25,0.4350000023841858,0.4650000035762787
8,1,26,0.4300000071525574,0.46000000834465027
8,1,27,0.41999998688697815,0.46000000834465027
8,1,28,0.41499999165534973,0.44999998807907104
8,1,29,0.41499999165534973,0.4449999928474426
8,1,30,0.41499999165534973,0.4449999928474426
8,1,31,0.4000000059604645,0.4449999928474426
8,1,32,0.4000000059604645,0.4449999928474426
8,1,33,0.39500001072883606,0.4449999928474426
8,1,34,0.39500001072883606,0.4300000071525574
8,1,35,0.38499999046325684,0.4300000071525574
8,1,36,0.3799999952316284,0.42500001192092896
8,1,37,0.375,0.42500001192092896
8,1,38,0.375,0.41999998688697815
8,1,39,0.375,0.4099999964237213
8,1,40,0.375,0.38999998569488525
8,1,41,0.3700000047683716,0.3799999952316284
8,1,42,0.3700000047683716,0.375
8,1,43,0.36500000953674316,0.36500000953674316
8,1,44,0.3700000047683716,0.36500000953674316
8,1,45,0.375,0.36500000953674316
8,1,46,0.3700000047683716,0.36500000953674316
8,1,47,0.36000001430511475,0.375
8,1,48,0.35499998927116394,0.375
8,1,49,0.3499999940395355,0.3700000047683716
8,1,50,0.3499999940395355,0.3700000047683716
8,1,51,0.3499999940395355,0.3700000047683716
8,1,52,0.3499999940395355,0.3700000047683716
8,1,53,0.3449999988079071,0.3700000047683716
8,1,54,0.3499999940395355,0.3700000047683716
8,1,55,0.3499999940395355,0.3700000047683716
8,1,56,0.3499999940395355,0.3700000047683716
8,1,57,0.3449999988079071,0.36500000953674316
8,1,58,0.3400000035762787,0.36000001430511475
8,1,59,0.3400000035762787,0.35499998927116394
8,1,60,0.33500000834465027,0.35499998927116394
8,1,61,0.33500000834465027,0.3499999940395355
8,1,62,0.33500000834465027,0.3499999940395355
8,1,63,0.33000001311302185,0.35499998927116394
8,1,64,0.33000001311302185,0.35499998927116394
8,1,65,0.32499998807907104,0.35499998927116394
8,1,66,0.3149999976158142,0.35499998927116394
8,1,67,0.3149999976158142,0.35499998927116394
8,1,68,0.3149999976158142,0.35499998927116394
8,1,69,0.3100000023841858,0.3499999940395355
8,1,70,0.3100000023841858,0.3449999988079071
8,1,71,0.3100000023841858,0.3449999988079071
8,1,72,0.3100000023841858,0.33000001311302185
8,1,73,0.3100000023841858,0.33000001311302185
8,1,74,0.3100000023841858,0.33500000834465027
8,1,75,0.3100000023841858,0.33500000834465027
8,1,76,0.3100000023841858,0.33000001311302185
8,1,77,0.3050000071525574,0.33000001311302185
8,1,78,0.30000001192092896,0.33000001311302185
8,1,79,0.30000001192092896,0.33000001311302185
8,1,80,0.30000001192092896,0.32499998807907104
8,1,81,0.30000001192092896,0.32499998807907104
8,1,82,0.30000001192092896,0.32499998807907104
8,1,83,0.30000001192092896,0.3199999928474426
8,1,84,0.30000001192092896,0.3199999928474426
8,1,85,0.30000001192092896,0.3199999928474426
8,1,86,0.28999999165534973,0.3199999928474426
8,1,87,0.2849999964237213,0.3199999928474426
8,1,88,0.26499998569488525,0.3199999928474426
8,1,89,0.26499998569488525,0.3149999976158142
8,1,90,0.2549999952316284,0.3100000023841858
8,1,91,0.2549999952316284,0.3100000023841858
8,1,92,0.2549999952316284,0.3100000023841858
8,1,93,0.2549999952316284,0.3100000023841858
8,1,94,0.25999999046325684,0.3100000023841858
8,1,95,0.25999999046325684,0.3100000023841858
8,1,96,0.25,0.3149999976158142
8,1,97,0.24500000476837158,0.3100000023841858
8,1,98,0.23499999940395355,0.3100000023841858
8,1,99,0.23000000417232513,0.3100000023841858
8,1,100,0.23499999940395355,0.3149999976158142
8,1,101,0.23499999940395355,0.3199999928474426
8,1,102,0.22499999403953552,0.3149999976158142
8,1,103,0.22499999403953552,0.3149999976158142
8,1,104,0.22499999403953552,0.3149999976158142
8,1,105,0.22499999403953552,0.3149999976158142
8,1,106,0.22499999403953552,0.3149999976158142
8,1,107,0.2150000035762787,0.3149999976158142
8,1,108,0.2150000035762787,0.3199999928474426
8,1,109,0.2150000035762787,0.3199999928474426
8,1,110,0.2150000035762787,0.32499998807907104
8,1,111,0.20499999821186066,0.32499998807907104
8,1,112,0.20499999821186066,0.32499998807907104
8,1,113,0.20000000298023224,0.32499998807907104
8,1,114,0.20000000298023224,0.32499998807907104
8,1,115,0.19499999284744263,0.32499998807907104
8,1,116,0.19499999284744263,0.32499998807907104
8,1,117,0.19499999284744263,0.32499998807907104
8,1,118,0.1899999976158142,0.33000001311302185
8,1,119,0.1899999976158142,0.33000001311302185
8,1,120,0.1899999976158142,0.3400000035762787
8,1,121,0.1899999976158142,0.33500000834465027
8,1,122,0.1899999976158142,0.33500000834465027
8,1,123,0.1850000023841858,0.33500000834465027
8,1,124,0.1850000023841858,0.32499998807907104
8,1,125,0.1850000023841858,0.32499998807907104
8,1,126,0.1899999976158142,0.32499998807907104
8,1,127,0.1899999976158142,0.3199999928474426
8,1,128,0.1899999976158142,0.3149999976158142
8,1,129,0.19499999284744263,0.3149999976158142
8,1,130,0.19499999284744263,0.3199999928474426
8,1,131,0.1899999976158142,0.3199999928474426
8,1,132,0.1899999976158142,0.32499998807907104
8,1,133,0.1899999976158142,0.32499998807907104
8,1,134,0.1899999976158142,0.3199999928474426
8,1,135,0.1899999976158142,0.3199999928474426
8,1,136,0.1899999976158142,0.3199999928474426
8,1,137,0.1899999976158142,0.3199999928474426
8,1,138,0.1850000023841858,0.32499998807907104
8,1,139,0.1899999976158142,0.32499998807907104
8,1,140,0.1899999976158142,0.32499998807907104
8,1,141,0.1899999976158142,0.32499998807907104
8,1,142,0.1899999976158142,0.32499998807907104
8,1,143,0.1899999976158142,0.32499998807907104
8,1,144,0.1899999976158142,0.32499998807907104
8,1,145,0.1899999976158142,0.32499998807907104
8,1,146,0.1899999976158142,0.32499998807907104
8,1,147,0.1899999976158142,0.32499998807907104
8,1,148,0.1899999976158142,0.32499998807907104
8,1,149,0.1850000023841858,0.32499998807907104
8,1,150,0.1850000023841858,0.33000001311302185
8,1,151,0.1850000023841858,0.33000001311302185
8,1,152,0.1850000023841858,0.33000001311302185
8,1,153,0.1850000023841858,0.33000001311302185
8,1,154,0.1850000023841858,0.33000001311302185
8,1,155,0.1850000023841858,0.33000001311302185
8,1,156,0.1850000023841858,0.33000001311302185
8,1,157,0.1850000023841858,0.33000001311302185
8,1,158,0.1850000023841858,0.33000001311302185
8,1,159,0.1850000023841858,0.33000001311302185
8,1,160,0.1850000023841858,0.32499998807907104
8,1,161,0.1850000023841858,0.32499998807907104
8,1,162,0.1899999976158142,0.32499998807907104
8,1,163,0.1899999976158142,0.32499998807907104
8,1,164,0.1899999976158142,0.32499998807907104
8,1,165,0.1899999976158142,0.32499998807907104
8,1,166,0.1899999976158142,0.32499998807907104
8,1,167,0.1850000023841858,0.32499998807907104
8,1,168,0.1850000023841858,0.32499998807907104
8,1,169,0.1850000023841858,0.32499998807907104
8,1,170,0.1850000023841858,0.32499998807907104
8,1,171,0.1850000023841858,0.32499998807907104
8,1,172,0.1850000023841858,0.3199999928474426
8,1,173,0.1850000023841858,0.3199999928474426
8,1,174,0.1850000023841858,0.3199999928474426
8,1,175,0.18000000715255737,0.3199999928474426
8,1,176,0.18000000715255737,0.3149999976158142
8,1,177,0.18000000715255737,0.3149999976158142
8,1,178,0.18000000715255737,0.3149999976158142
8,1,179,0.1850000023841858,0.3149999976158142
8,1,180,0.1850000023841858,0.3149999976158142
8,1,181,0.1850000023841858,0.3149999976158142
8,1,182,0.17499999701976776,0.3149999976158142
8,1,183,0.17499999701976776,0.3149999976158142
8,1,184,0.17499999701976776,0.3149999976158142
8,1,185,0.17000000178813934,0.3100000023841858
8,1,186,0.17000000178813934,0.3100000023841858
8,1,187,0.17000000178813934,0.3100000023841858
8,1,188,0.17000000178813934,0.3100000023841858
8,1,189,0.17000000178813934,0.3100000023841858
8,1,190,0.17499999701976776,0.3050000071525574
8,1,191,0.17499999701976776,0.3050000071525574
8,1,192,0.16500000655651093,0.3050000071525574
8,1,193,0.16500000655651093,0.3100000023841858
8,1,194,0.16500000655651093,0.3100000023841858
8,1,195,0.16500000655651093,0.3100000023841858
8,1,196,0.16500000655651093,0.3100000023841858
8,1,197,0.16500000655651093,0.30000001192092896
8,1,198,0.1599999964237213,0.30000001192092896
8,1,199,0.1599999964237213,0.29499998688697815
16,1,0,0.5149999856948853,0.5249999761581421
16,1,1,0.5,0.5099999904632568
16,1,2,0.5,0.5049999952316284
16,1,3,0.48500001430511475,0.5
16,1,4,0.4650000035762787,0.5149999856948853
16,1,5,0.45500001311302185,0.5
16,1,6,0.4449999928474426,0.5
16,1,7,0.42500001192092896,0.48500001430511475
16,1,8,0.41499999165534973,0.4650000035762787
16,1,9,0.4050000011920929,0.4749999940395355
16,1,10,0.4099999964237213,0.47999998927116394
16,1,11,0.39500001072883606,0.4749999940395355
16,1,12,0.39500001072883606,0.4699999988079071
16,1,13,0.4000000059604645,0.45500001311302185
16,1,14,0.38499999046325684,0.4449999928474426
16,1,15,0.36500000953674316,0.4399999976158142
16,1,16,0.36500000953674316,0.4300000071525574
16,1,17,0.36000001430511475,0.4300000071525574
16,1,18,0.35499998927116394,0.41999998688697815
16,1,19,0.3449999988079071,0.41499999165534973
16,1,20,0.3400000035762787,0.41999998688697815
16,1,21,0.3400000035762787,0.4050000011920929
16,1,22,0.33500000834465027,0.4000000059604645
16,1,23,0.33000001311302185,0.38999998569488525
16,1,24,0.3199999928474426,0.38499999046325684
16,1,25,0.3199999928474426,0.375
16,1,26,0.3149999976158142,0.375
16,1,27,0.3050000071525574,0.36000001430511475
16,1,28,0.3050000071525574,0.3449999988079071
16,1,29,0.29499998688697815,0.3449999988079071
16,1,30,0.2849999964237213,0.33000001311302185
16,1,31,0.2849999964237213,0.3199999928474426
16,1,32,0.2849999964237213,0.3050000071525574
16,1,33,0.2849999964237213,0.3100000023841858
16,1,34,0.2800000011920929,0.3149999976158142
16,1,35,0.2750000059604645,0.3149999976158142
16,1,36,0.26499998569488525,0.3100000023841858
16,1,37,0.27000001072883606,0.30000001192092896
16,1,38,0.26499998569488525,0.30000001192092896
16,1,39,0.26499998569488525,0.30000001192092896
16,1,40,0.26499998569488525,0.3050000071525574
16,1,41,0.25999999046325684,0.3050000071525574
16,1,42,0.25999999046325684,0.30000001192092896
16,1,43,0.25999999046325684,0.3050000071525574
16,1,44,0.2549999952316284,0.3050000071525574
16,1,45,0.25999999046325684,0.3050000071525574
16,1,46,0.26499998569488525,0.29499998688697815
16,1,47,0.27000001072883606,0.29499998688697815
16,1,48,0.25999999046325684,0.28999999165534973
16,1,49,0.25999999046325684,0.28999999165534973
16,1,50,0.25999999046325684,0.28999999165534973
16,1,51,0.25999999046325684,0.2849999964237213
16,1,52,0.26499998569488525,0.2849999964237213
16,1,53,0.26499998569488525,0.2849999964237213
16,1,54,0.25999999046325684,0.2800000011920929
16,1,55,0.25999999046325684,0.2800000011920929
16,1,56,0.25999999046325684,0.27000001072883606
16,1,57,0.25,0.26499998569488525
16,1,58,0.2549999952316284,0.26499998569488525
16,1,59,0.2549999952316284,0.26499998569488525
16,1,60,0.2549999952316284,0.25999999046325684
16,1,61,0.24500000476837158,0.25999999046325684
16,1,62,0.24500000476837158,0.26499998569488525
16,1,63,0.24500000476837158,0.26499998569488525
16,1,64,0.24500000476837158,0.26499998569488525
16,1,65,0.24500000476837158,0.26499998569488525
16,1,66,0.23999999463558197,0.26499998569488525
16,1,67,0.23999999463558197,0.26499998569488525
16,1,68,0.23999999463558197,0.27000001072883606
16,1,69,0.23999999463558197,0.27000001072883606
16,1,70,0.23999999463558197,0.27000001072883606
16,1,71,0.23999999463558197,0.27000001072883606
16,1,72,0.24500000476837158,0.26499998569488525
16,1,73,0.24500000476837158,0.26499998569488525
16,1,74,0.24500000476837158,0.26499998569488525
16,1,75,0.24500000476837158,0.26499998569488525
16,1,76,0.24500000476837158,0.26499998569488525
16,1,77,0.24500000476837158,0.26499998569488525
16,1,78,0.24500000476837158,0.26499998569488525
16,1,79,0.24500000476837158,0.26499998569488525
16,1,80,0.23999999463558197,0.26499998569488525
16,1,81,0.23999999463558197,0.26499998569488525
16,1,82,0.23999999463558197,0.25999999046325684
16,1,83,0.23999999463558197,0.25999999046325684
16,1,84,0.23499999940395355,0.2549999952316284
16,1,85,0.23499999940395355,0.2549999952316284
16,1,86,0.23499999940395355,0.25999999046325684
16,1,87,0.23000000417232513,0.25999999046325684
16,1,88,0.23000000417232513,0.25999999046325684
16,1,89,0.23000000417232513,0.25999999046325684
16,1,90,0.23000000417232513,0.25999999046325684
16,1,91,0.23000000417232513,0.26499998569488525
16,1,92,0.23000000417232513,0.26499998569488525
16,1,93,0.23000000417232513,0.26499998569488525
16,1,94,0.23000000417232513,0.25999999046325684
16,1,95,0.23000000417232513,0.25999999046325684
16,1,96,0.23000000417232513,0.2549999952316284
16,1,97,0.22499999403953552,0.2549999952316284
16,1,98,0.22499999403953552,0.2549999952316284
16,1,99,0.2150000035762787,0.25
16,1,100,0.2150000035762787,0.25
16,1,101,0.2150000035762787,0.25
16,1,102,0.2150000035762787,0.25
16,1,103,0.2150000035762787,0.25
16,1,104,0.2150000035762787,0.25
16,1,105,0.2150000035762787,0.25
16,1,106,0.2150000035762787,0.25
16,1,107,0.20999999344348907,0.24500000476837158
16,1,108,0.20999999344348907,0.25
16,1,109,0.20499999821186066,0.25
16,1,110,0.20499999821186066,0.24500000476837158
16,1,111,0.20499999821186066,0.24500000476837158
16,1,112,0.20499999821186066,0.24500000476837158
16,1,113,0.20499999821186066,0.23999999463558197
16,1,114,0.20000000298023224,0.23999999463558197
16,1,115,0.20000000298023224,0.23999999463558197
16,1,116,0.20000000298023224,0.23999999463558197
16,1,117,0.20000000298023224,0.23999999463558197
16,1,118,0.19499999284744263,0.23999999463558197
16,1,119,0.19499999284744263,0.23999999463558197
16,1,120,0.1899999976158142,0.23999999463558197
16,1,121,0.1899999976158142,0.24500000476837158
16,1,122,0.1899999976158142,0.25
16,1,123,0.1899999976158142,0.25
16,1,124,0.1899999976158142,0.25
16,1,125,0.1850000023841858,0.25
16,1,126,0.1850000023841858,0.25
16,1,127,0.1850000023841858,0.25
16,1,128,0.1850000023841858,0.25
16,1,129,0.1850000023841858,0.2549999952316284
16,1,130,0.1850000023841858,0.2549999952316284
16,1,131,0.1850000023841858,0.2549999952316284
16,1,132,0.1850000023841858,0.2549999952316284
16,1,133,0.1850000023841858,0.2549999952316284
16,1,134,0.1850000023841858,0.2549999952316284
16,1,135,0.1850000023841858,0.2549999952316284
16,1,136,0.1850000023841858,0.2549999952316284
16,1,137,0.1850000023841858,0.25999999046325684
16,1,138,0.1850000023841858,0.2549999952316284
16,1,139,0.18000000715255737,0.2549999952316284
16,1,140,0.17499999701976776,0.2549999952316284
16,1,141,0.17499999701976776,0.2549999952316284
16,1,142,0.17499999701976776,0.2549999952316284
16,1,143,0.17499999701976776,0.2549999952316284
16,1,144,0.17499999701976776,0.2549999952316284
16,1,145,0.17499999701976776,0.25999999046325684
16,1,146,0.17499999701976776,0.25999999046325684
16,1,147,0.17499999701976776,0.25999999046325684
16,1,148,0.17499999701976776,0.25999999046325684
16,1,149,0.17499999701976776,0.25999999046325684
16,1,150,0.17499999701976776,0.25999999046325684
16,1,151,0.17499999701976776,0.25999999046325684
16,1,152,0.17499999701976776,0.25999999046325684
16,1,153,0.17499999701976776,0.25999999046325684
16,1,154,0.17499999701976776,0.26499998569488525
16,1,155,0.16500000655651093,0.26499998569488525
16,1,156,0.16500000655651093,0.26499998569488525
16,1,157,0.16500000655651093,0.26499998569488525
16,1,158,0.16500000655651093,0.26499998569488525
16,1,159,0.16500000655651093,0.25999999046325684
16,1,160,0.16500000655651093,0.25999999046325684
16,1,161,0.16500000655651093,0.25999999046325684
16,1,162,0.1599999964237213,0.25999999046325684
16,1,163,0.1550000011920929,0.25999999046325684
16,1,164,0.1550000011920929,0.25999999046325684
16,1,165,0.15000000596046448,0.25999999046325684
16,1,166,0.15000000596046448,0.25999999046325684
16,1,167,0.15000000596046448,0.25999999046325684
16,1,168,0.14000000059604645,0.25999999046325684
16,1,169,0.13500000536441803,0.25999999046325684
16,1,170,0.13500000536441803,0.25999999046325684
16,1,171,0.13500000536441803,0.25999999046325684
16,1,172,0.13500000536441803,0.25999999046325684
16,1,173,0.12999999523162842,0.25999999046325684
16,1,174,0.12999999523162842,0.25999999046325684
16,1,175,0.12999999523162842,0.26499998569488525
16,1,176,0.12999999523162842,0.26499998569488525
16,1,177,0.125,0.26499998569488525
16,1,178,0.125,0.26499998569488525
16,1,179,0.125,0.26499998569488525
16,1,180,0.125,0.26499998569488525
16,1,181,0.125,0.26499998569488525
16,1,182,0.125,0.26499998569488525
16,1,183,0.125,0.26499998569488525
16,1,184,0.125,0.26499998569488525
16,1,185,0.125,0.26499998569488525
16,1,186,0.125,0.26499998569488525
16,1,187,0.125,0.26499998569488525
16,1,188,0.125,0.26499998569488525
16,1,189,0.125,0.26499998569488525
16,1,190,0.125,0.26499998569488525
16,1,191,0.125,0.26499998569488525
16,1,192,0.125,0.26499998569488525
16,1,193,0.125,0.26499998569488525
16,1,194,0.125,0.26499998569488525
16,1,195,0.125,0.26499998569488525
16,1,196,0.125,0.26499998569488525
16,1,197,0.125,0.26499998569488525
16,1,198,0.125,0.27000001072883606
16,1,199,0.125,0.26499998569488525
32,1,0,0.5099999904632568,0.49000000953674316
32,1,1,0.5049999952316284,0.49000000953674316
32,1,2,0.49000000953674316,0.49000000953674316
32,1,3,0.48500001430511475,0.4749999940395355
32,1,4,0.4749999940395355,0.46000000834465027
32,1,5,0.46000000834465027,0.4300000071525574
32,1,6,0.4399999976158142,0.41999998688697815
32,1,7,0.4050000011920929,0.4050000011920929
32,1,8,0.375,0.3799999952316284
32,1,9,0.3700000047683716,0.3700000047683716
32,1,10,0.3700000047683716,0.36500000953674316
32,1,11,0.36000001430511475,0.35499998927116394
32,1,12,0.35499998927116394,0.35499998927116394
32,1,13,0.33500000834465027,0.33500000834465027
32,1,14,0.3100000023841858,0.3400000035762787
32,1,15,0.3100000023841858,0.3050000071525574
32,1,16,0.3050000071525574,0.3100000023841858
32,1,17,0.29499998688697815,0.3050000071525574
32,1,18,0.30000001192092896,0.30000001192092896
32,1,19,0.2849999964237213,0.29499998688697815
32,1,20,0.2849999964237213,0.29499998688697815
32,1,21,0.2849999964237213,0.29499998688697815
32,1,22,0.2750000059604645,0.28999999165534973
32,1,23,0.27000001072883606,0.2849999964237213
32,1,24,0.25999999046325684,0.2849999964237213
32,1,25,0.25,0.2849999964237213
32,1,26,0.2549999952316284,0.2800000011920929
32,1,27,0.25,0.2800000011920929
32,1,28,0.24500000476837158,0.2800000011920929
32,1,29,0.25,0.2849999964237213
32,1,30,0.25,0.2800000011920929
32,1,31,0.25,0.2800000011920929
32,1,32,0.25,0.2800000011920929
32,1,33,0.24500000476837158,0.2750000059604645
32,1,34,0.24500000476837158,0.2750000059604645
32,1,35,0.23999999463558197,0.2750000059604645
32,1,36,0.23999999463558197,0.27000001072883606
32,1,37,0.23999999463558197,0.27000001072883606
32,1,38,0.23499999940395355,0.27000001072883606
32,1,39,0.23999999463558197,0.27000001072883606
32,1,40,0.24500000476837158,0.27000001072883606
32,1,41,0.24500000476837158,0.27000001072883606
32,1,42,0.24500000476837158,0.27000001072883606
32,1,43,0.24500000476837158,0.27000001072883606
32,1,44,0.24500000476837158,0.26499998569488525
32,1,45,0.24500000476837158,0.26499998569488525
32,1,46,0.24500000476837158,0.27000001072883606
32,1,47,0.24500000476837158,0.27000001072883606
32,1,48,0.23999999463558197,0.26499998569488525
32,1,49,0.23999999463558197,0.26499998569488525
32,1,50,0.23999999463558197,0.26499998569488525
32,1,51,0.23499999940395355,0.26499998569488525
32,1,52,0.23499999940395355,0.26499998569488525
32,1,53,0.23499999940395355,0.26499998569488525
32,1,54,0.23499999940395355,0.26499998569488525
32,1,55,0.23000000417232513,0.26499998569488525
32,1,56,0.22499999403953552,0.25999999046325684
32,1,57,0.2199999988079071,0.25999999046325684
32,1,58,0.2199999988079071,0.25999999046325684
32,1,59,0.2199999988079071,0.25999999046325684
32,1,60,0.2199999988079071,0.25999999046325684
32,1,61,0.2199999988079071,0.25999999046325684
32,1,62,0.2199999988079071,0.25999999046325684
32,1,63,0.2199999988079071,0.25999999046325684
32,1,64,0.2199999988079071,0.25999999046325684
32,1,65,0.2199999988079071,0.25999999046325684
32,1,66,0.2199999988079071,0.2549999952316284
32,1,67,0.2199999988079071,0.2549999952316284
32,1,68,0.2199999988079071,0.2549999952316284
32,1,69,0.2150000035762787,0.25999999046325684
32,1,70,0.2150000035762787,0.26499998569488525
32,1,71,0.2150000035762787,0.25999999046325684
32,1,72,0.2150000035762787,0.2549999952316284
32,1,73,0.2150000035762787,0.2549999952316284
32,1,74,0.2150000035762787,0.2549999952316284
32,1,75,0.2150000035762787,0.2549999952316284
32,1,76,0.2150000035762787,0.2549999952316284
32,1,77,0.20999999344348907,0.2549999952316284
32,1,78,0.20999999344348907,0.25
32,1,79,0.20999999344348907,0.25
32,1,80,0.20499999821186066,0.25
32,1,81,0.20499999821186066,0.23999999463558197
32,1,82,0.20499999821186066,0.24500000476837158
32,1,83,0.19499999284744263,0.24500000476837158
32,1,84,0.19499999284744263,0.25
32,1,85,0.19499999284744263,0.25
32,1,86,0.19499999284744263,0.25
32,1,87,0.19499999284744263,0.25
32,1,88,0.19499999284744263,0.25
32,1,89,0.19499999284744263,0.25
32,1,90,0.19499999284744263,0.25
32,1,91,0.19499999284744263,0.25
32,1,92,0.1899999976158142,0.2549999952316284
32,1,93,0.18000000715255737,0.2549999952316284
32,1,94,0.18000000715255737,0.2549999952316284
32,1,95,0.18000000715255737,0.2549999952316284
32,1,96,0.18000000715255737,0.25999999046325684
32,1,97,0.18000000715255737,0.25999999046325684
32,1,98,0.18000000715255737,0.26499998569488525
32,1,99,0.18000000715255737,0.26499998569488525
32,1,100,0.18000000715255737,0.25999999046325684
32,1,101,0.18000000715255737,0.25999999046325684
32,1,102,0.18000000715255737,0.25999999046325684
32,1,103,0.18000000715255737,0.25999999046325684
32,1,104,0.17000000178813934,0.25999999046325684
32,1,105,0.17499999701976776,0.25999999046325684
32,1,106,0.17499999701976776,0.25999999046325684
32,1,107,0.17000000178813934,0.25999999046325684
32,1,108,0.17000000178813934,0.25999999046325684
32,1,109,0.16500000655651093,0.25999999046325684
32,1,110,0.16500000655651093,0.26499998569488525
32,1,111,0.16500000655651093,0.26499998569488525
32,1,112,0.16500000655651093,0.26499998569488525
32,1,113,0.16500000655651093,0.26499998569488525
32,1,114,0.16500000655651093,0.26499998569488525
32,1,115,0.16500000655651093,0.26499998569488525
32,1,116,0.16500000655651093,0.26499998569488525
32,1,117,0.1599999964237213,0.26499998569488525
32,1,118,0.15000000596046448,0.26499998569488525
32,1,119,0.15000000596046448,0.26499998569488525
32,1,120,0.15000000596046448,0.26499998569488525
32,1,121,0.15000000596046448,0.27000001072883606
32,1,122,0.15000000596046448,0.27000001072883606
32,1,123,0.15000000596046448,0.27000001072883606
32,1,124,0.15000000596046448,0.27000001072883606
32,1,125,0.15000000596046448,0.27000001072883606
32,1,126,0.15000000596046448,0.27000001072883606
32,1,127,0.15000000596046448,0.26499998569488525
32,1,128,0.14499999582767487,0.26499998569488525
32,1,129,0.14000000059604645,0.26499998569488525
32,1,130,0.14000000059604645,0.26499998569488525
32,1,131,0.14000000059604645,0.26499998569488525
32,1,132,0.14000000059604645,0.26499998569488525
32,1,133,0.14000000059604645,0.26499998569488525
32,1,134,0.14000000059604645,0.26499998569488525
32,1,135,0.14000000059604645,0.26499998569488525
32,1,136,0.14000000059604645,0.26499998569488525
32,1,137,0.14000000059604645,0.26499998569488525
32,1,138,0.14000000059604645,0.26499998569488525
32,1,139,0.13500000536441803,0.26499998569488525
32,1,140,0.13500000536441803,0.26499998569488525
32,1,141,0.125,0.26499998569488525
32,1,142,0.125,0.27000001072883606
32,1,143,0.11999999731779099,0.2750000059604645
32,1,144,0.11500000208616257,0.27000001072883606
32,1,145,0.11500000208616257,0.27000001072883606
32,1,146,0.11500000208616257,0.27000001072883606
32,1,147,0.10999999940395355,0.27000001072883606
32,1,148,0.10999999940395355,0.27000001072883606
32,1,149,0.10999999940395355,0.27000001072883606
32,1,150,0.10999999940395355,0.27000001072883606
32,1,151,0.10499999672174454,0.27000001072883606
32,1,152,0.10499999672174454,0.27000001072883606
32,1,153,0.10499999672174454,0.27000001072883606
32,1,154,0.10000000149011612,0.2750000059604645
32,1,155,0.10000000149011612,0.27000001072883606
32,1,156,0.10000000149011612,0.27000001072883606
32,1,157,0.10000000149011612,0.27000001072883606
32,1,158,0.10000000149011612,0.2750000059604645
32,1,159,0.10000000149011612,0.27000001072883606
32,1,160,0.10000000149011612,0.27000001072883606
32,1,161,0.10000000149011612,0.27000001072883606
32,1,162,0.10000000149011612,0.27000001072883606
32,1,163,0.0949999988079071,0.27000001072883606
32,1,164,0.0949999988079071,0.27000001072883606
32,1,165,0.0949999988079071,0.27000001072883606
32,1,166,0.09000000357627869,0.27000001072883606
32,1,167,0.09000000357627869,0.2750000059604645
32,1,168,0.09000000357627869,0.27000001072883606
32,1,169,0.09000000357627869,0.27000001072883606
32,1,170,0.09000000357627869,0.27000001072883606
32,1,171,0.09000000357627869,0.27000001072883606
32,1,172,0.09000000357627869,0.2750000059604645
32,1,173,0.09000000357627869,0.2750000059604645
32,1,174,0.09000000357627869,0.2750000059604645
32,1,175,0.09000000357627869,0.2750000059604645
32,1,176,0.09000000357627869,0.2750000059604645
32,1,177,0.09000000357627869,0.2750000059604645
32,1,178,0.09000000357627869,0.2750000059604645
32,1,179,0.09000000357627869,0.2750000059604645
32,1,180,0.09000000357627869,0.2750000059604645
32,1,181,0.09000000357627869,0.2750000059604645
32,1,182,0.09000000357627869,0.2750000059604645
32,1,183,0.09000000357627869,0.2750000059604645
32,1,184,0.08500000089406967,0.2750000059604645
32,1,185,0.08500000089406967,0.2750000059604645
32,1,186,0.08500000089406967,0.2800000011920929
32,1,187,0.08500000089406967,0.2800000011920929
32,1,188,0.07999999821186066,0.2800000011920929
32,1,189,0.07999999821186066,0.2800000011920929
32,1,190,0.07999999821186066,0.2800000011920929
32,1,191,0.07999999821186066,0.2800000011920929
32,1,192,0.07999999821186066,0.2800000011920929
32,1,193,0.07999999821186066,0.2849999964237213
32,1,194,0.07999999821186066,0.2849999964237213
32,1,195,0.07999999821186066,0.2849999964237213
32,1,196,0.07999999821186066,0.2849999964237213
32,1,197,0.07999999821186066,0.2849999964237213
32,1,198,0.07999999821186066,0.28999999165534973
32,1,199,0.07999999821186066,0.28999999165534973
64,1,0,0.4749999940395355,0.4449999928474426
64,1,1,0.4699999988079071,0.4300000071525574
64,1,2,0.4650000035762787,0.41999998688697815
64,1,3,0.44999998807907104,0.4099999964237213
64,1,4,0.41999998688697815,0.3799999952316284
64,1,5,0.4050000011920929,0.375
64,1,6,0.4050000011920929,0.35499998927116394
64,1,7,0.38999998569488525,0.3449999988079071
64,1,8,0.38499999046325684,0.3449999988079071
64,1,9,0.36500000953674316,0.3449999988079071
64,1,10,0.33500000834465027,0.33500000834465027
64,1,11,0.32499998807907104,0.33000001311302185
64,1,12,0.30000001192092896,0.32499998807907104
64,1,13,0.3050000071525574,0.32499998807907104
64,1,14,0.2849999964237213,0.3149999976158142
64,1,15,0.2849999964237213,0.3050000071525574
64,1,16,0.2849999964237213,0.30000001192092896
64,1,17,0.2800000011920929,0.28999999165534973
64,1,18,0.2750000059604645,0.28999999165534973
64,1,19,0.27000001072883606,0.2849999964237213
64,1,20,0.27000001072883606,0.2849999964237213
64,1,21,0.25,0.2849999964237213
64,1,22,0.24500000476837158,0.2800000011920929
64,1,23,0.23499999940395355,0.2750000059604645
64,1,24,0.23000000417232513,0.2750000059604645
64,1,25,0.23000000417232513,0.26499998569488525
64,1,26,0.23499999940395355,0.25999999046325684
64,1,27,0.23499999940395355,0.25999999046325684
64,1,28,0.23000000417232513,0.25999999046325684
64,1,29,0.22499999403953552,0.25999999046325684
64,1,30,0.22499999403953552,0.2549999952316284
64,1,31,0.22499999403953552,0.25999999046325684
64,1,32,0.2199999988079071,0.25999999046325684
64,1,33,0.2150000035762787,0.25
64,1,34,0.2150000035762787,0.25
64,1,35,0.23000000417232513,0.24500000476837158
64,1,36,0.22499999403953552,0.25
64,1,37,0.22499999403953552,0.24500000476837158
64,1,38,0.22499999403953552,0.23999999463558197
64,1,39,0.22499999403953552,0.24500000476837158
64,1,40,0.2199999988079071,0.23999999463558197
64,1,41,0.2199999988079071,0.23999999463558197
64,1,42,0.2199999988079071,0.23999999463558197
64,1,43,0.2150000035762787,0.23999999463558197
64,1,44,0.2150000035762787,0.23999999463558197
64,1,45,0.2150000035762787,0.23499999940395355
64,1,46,0.2199999988079071,0.23999999463558197
64,1,47,0.2150000035762787,0.23999999463558197
64,1,48,0.2150000035762787,0.23999999463558197
64,1,49,0.2150000035762787,0.23499999940395355
64,1,50,0.2150000035762787,0.23000000417232513
64,1,51,0.2150000035762787,0.23000000417232513
64,1,52,0.20999999344348907,0.23000000417232513
64,1,53,0.20999999344348907,0.23000000417232513
64,1,54,0.20999999344348907,0.22499999403953552
64,1,55,0.20499999821186066,0.22499999403953552
64,1,56,0.19499999284744263,0.22499999403953552
64,1,57,0.19499999284744263,0.22499999403953552
64,1,58,0.19499999284744263,0.22499999403953552
64,1,59,0.19499999284744263,0.23000000417232513
64,1,60,0.19499999284744263,0.23000000417232513
64,1,61,0.19499999284744263,0.22499999403953552
64,1,62,0.19499999284744263,0.23000000417232513
64,1,63,0.19499999284744263,0.23000000417232513
64,1,64,0.19499999284744263,0.23000000417232513
64,1,65,0.19499999284744263,0.23000000417232513
64,1,66,0.1899999976158142,0.23000000417232513
64,1,67,0.18000000715255737,0.23000000417232513
64,1,68,0.18000000715255737,0.23000000417232513
64,1,69,0.18000000715255737,0.23000000417232513
64,1,70,0.18000000715255737,0.23000000417232513
64,1,71,0.18000000715255737,0.23499999940395355
64,1,72,0.18000000715255737,0.23499999940395355
64,1,73,0.18000000715255737,0.23499999940395355
64,1,74,0.18000000715255737,0.23499999940395355
64,1,75,0.18000000715255737,0.23499999940395355
64,1,76,0.17499999701976776,0.23499999940395355
64,1,77,0.17499999701976776,0.23499999940395355
64,1,78,0.17000000178813934,0.23499999940395355
64,1,79,0.17000000178813934,0.23000000417232513
64,1,80,0.16500000655651093,0.23000000417232513
64,1,81,0.1599999964237213,0.23000000417232513
64,1,82,0.1599999964237213,0.23499999940395355
64,1,83,0.1550000011920929,0.23499999940395355
64,1,84,0.15000000596046448,0.23499999940395355
64,1,85,0.15000000596046448,0.23499999940395355
64,1,86,0.14499999582767487,0.23499999940395355
64,1,87,0.14499999582767487,0.23499999940395355
64,1,88,0.12999999523162842,0.23499999940395355
64,1,89,0.12999999523162842,0.23999999463558197
64,1,90,0.12999999523162842,0.23999999463558197
64,1,91,0.12999999523162842,0.23999999463558197
64,1,92,0.12999999523162842,0.23999999463558197
64,1,93,0.12999999523162842,0.23999999463558197
64,1,94,0.12999999523162842,0.23999999463558197
64,1,95,0.12999999523162842,0.23999999463558197
64,1,96,0.12999999523162842,0.24500000476837158
64,1,97,0.12999999523162842,0.24500000476837158
64,1,98,0.11500000208616257,0.25
64,1,99,0.11500000208616257,0.25
64,1,100,0.11500000208616257,0.25
64,1,101,0.10999999940395355,0.25
64,1,102,0.10999999940395355,0.25
64,1,103,0.10999999940395355,0.2549999952316284
64,1,104,0.10499999672174454,0.25999999046325684
64,1,105,0.10499999672174454,0.25999999046325684
64,1,106,0.10499999672174454,0.25999999046325684
64,1,107,0.10499999672174454,0.26499998569488525
64,1,108,0.10499999672174454,0.26499998569488525
64,1,109,0.10000000149011612,0.26499998569488525
64,1,110,0.10000000149011612,0.26499998569488525
64,1,111,0.10000000149011612,0.26499998569488525
64,1,112,0.10000000149011612,0.26499998569488525
64,1,113,0.0949999988079071,0.26499998569488525
64,1,114,0.09000000357627869,0.26499998569488525
64,1,115,0.09000000357627869,0.26499998569488525
64,1,116,0.08500000089406967,0.26499998569488525
64,1,117,0.08500000089406967,0.26499998569488525
64,1,118,0.08500000089406967,0.26499998569488525
64,1,119,0.08500000089406967,0.26499998569488525
64,1,120,0.08500000089406967,0.25999999046325684
64,1,121,0.08500000089406967,0.26499998569488525
64,1,122,0.08500000089406967,0.26499998569488525
64,1,123,0.07999999821186066,0.26499998569488525
64,1,124,0.07000000029802322,0.26499998569488525
64,1,125,0.06499999761581421,0.26499998569488525
64,1,126,0.06499999761581421,0.26499998569488525
64,1,127,0.06499999761581421,0.26499998569488525
64,1,128,0.06499999761581421,0.26499998569488525
64,1,129,0.06499999761581421,0.26499998569488525
64,1,130,0.06499999761581421,0.26499998569488525
64,1,131,0.06499999761581421,0.26499998569488525
64,1,132,0.05999999865889549,0.26499998569488525
64,1,133,0.05999999865889549,0.25999999046325684
64,1,134,0.05999999865889549,0.25999999046325684
64,1,135,0.05999999865889549,0.25999999046325684
64,1,136,0.054999999701976776,0.25999999046325684
64,1,137,0.054999999701976776,0.25999999046325684
64,1,138,0.054999999701976776,0.25999999046325684
64,1,139,0.054999999701976776,0.25999999046325684
64,1,140,0.054999999701976776,0.25999999046325684
64,1,141,0.054999999701976776,0.25999999046325684
64,1,142,0.054999999701976776,0.25999999046325684
64,1,143,0.054999999701976776,0.25999999046325684
64,1,144,0.054999999701976776,0.25999999046325684
64,1,145,0.054999999701976776,0.2549999952316284
64,1,146,0.054999999701976776,0.25999999046325684
64,1,147,0.054999999701976776,0.25999999046325684
64,1,148,0.054999999701976776,0.25999999046325684
64,1,149,0.05000000074505806,0.26499998569488525
64,1,150,0.04500000178813934,0.26499998569488525
64,1,151,0.04500000178813934,0.27000001072883606
64,1,152,0.04500000178813934,0.27000001072883606
64,1,153,0.04500000178813934,0.27000001072883606
64,1,154,0.04500000178813934,0.27000001072883606
64,1,155,0.04500000178813934,0.27000001072883606
64,1,156,0.04500000178813934,0.27000001072883606
64,1,157,0.03999999910593033,0.27000001072883606
64,1,158,0.03999999910593033,0.27000001072883606
64,1,159,0.03999999910593033,0.27000001072883606
64,1,160,0.03999999910593033,0.27000001072883606
64,1,161,0.029999999329447746,0.2750000059604645
64,1,162,0.029999999329447746,0.2750000059604645
64,1,163,0.029999999329447746,0.2750000059604645
64,1,164,0.019999999552965164,0.2800000011920929
64,1,165,0.019999999552965164,0.2800000011920929
64,1,166,0.019999999552965164,0.2800000011920929
64,1,167,0.014999999664723873,0.2800000011920929
64,1,168,0.014999999664723873,0.2800000011920929
64,1,169,0.014999999664723873,0.2750000059604645
64,1,170,0.014999999664723873,0.2750000059604645
64,1,171,0.014999999664723873,0.2750000059604645
64,1,172,0.009999999776482582,0.2750000059604645
64,1,173,0.009999999776482582,0.2750000059604645
64,1,174,0.009999999776482582,0.2750000059604645
64,1,175,0.009999999776482582,0.2750000059604645
64,1,176,0.009999999776482582,0.2750000059604645
64,1,177,0.009999999776482582,0.2750000059604645
64,1,178,0.009999999776482582,0.2750000059604645
64,1,179,0.009999999776482582,0.2750000059604645
64,1,180,0.009999999776482582,0.2750000059604645
64,1,181,0.009999999776482582,0.2750000059604645
64,1,182,0.009999999776482582,0.2750000059604645
64,1,183,0.004999999888241291,0.2750000059604645
64,1,184,0.004999999888241291,0.27000001072883606
64,1,185,0.004999999888241291,0.27000001072883606
64,1,186,0.0,0.27000001072883606
64,1,187,0.0,0.27000001072883606
64,1,188,0.0,0.27000001072883606
64,1,189,0.0,0.27000001072883606
64,1,190,0.0,0.27000001072883606
64,1,191,0.0,0.27000001072883606
64,1,192,0.0,0.27000001072883606
64,1,193,0.0,0.27000001072883606
64,1,194,0.0,0.27000001072883606
64,1,195,0.0,0.27000001072883606
64,1,196,0.0,0.27000001072883606
64,1,197,0.0,0.27000001072883606
64,1,198,0.0,0.27000001072883606
64,1,199,0.0,0.27000001072883606
128,1,0,0.4399999976158142,0.4749999940395355
128,1,1,0.4000000059604645,0.4399999976158142
128,1,2,0.3700000047683716,0.4050000011920929
128,1,3,0.36500000953674316,0.3700000047683716
128,1,4,0.375,0.3449999988079071
128,1,5,0.33500000834465027,0.3100000023841858
128,1,6,0.3050000071525574,0.27000001072883606
128,1,7,0.29499998688697815,0.26499998569488525
128,1,8,0.29499998688697815,0.25999999046325684
128,1,9,0.2750000059604645,0.25999999046325684
128,1,10,0.2750000059604645,0.2549999952316284
128,1,11,0.27000001072883606,0.25
128,1,12,0.24500000476837158,0.24500000476837158
128,1,13,0.23999999463558197,0.24500000476837158
128,1,14,0.24500000476837158,0.23999999463558197
128,1,15,0.25,0.23999999463558197
128,1,16,0.25,0.23999999463558197
128,1,17,0.24500000476837158,0.24500000476837158
128,1,18,0.2549999952316284,0.24500000476837158
128,1,19,0.2549999952316284,0.24500000476837158
128,1,20,0.25,0.24500000476837158
128,1,21,0.24500000476837158,0.25
128,1,22,0.23499999940395355,0.25
128,1,23,0.23499999940395355,0.24500000476837158
128,1,24,0.23499999940395355,0.24500000476837158
128,1,25,0.23499999940395355,0.24500000476837158
128,1,26,0.2199999988079071,0.24500000476837158
128,1,27,0.2199999988079071,0.24500000476837158
128,1,28,0.2199999988079071,0.23999999463558197
128,1,29,0.2199999988079071,0.24500000476837158
128,1,30,0.2199999988079071,0.24500000476837158
128,1,31,0.2199999988079071,0.24500000476837158
128,1,32,0.2150000035762787,0.24500000476837158
128,1,33,0.20999999344348907,0.23499999940395355
128,1,34,0.20000000298023224,0.23499999940395355
128,1,35,0.20000000298023224,0.23499999940395355
128,1,36,0.20000000298023224,0.23499999940395355
128,1,37,0.20000000298023224,0.23499999940395355
128,1,38,0.20000000298023224,0.23999999463558197
128,1,39,0.19499999284744263,0.23499999940395355
128,1,40,0.19499999284744263,0.24500000476837158
128,1,41,0.19499999284744263,0.23999999463558197
128,1,42,0.19499999284744263,0.24500000476837158
128,1,43,0.19499999284744263,0.24500000476837158
128,1,44,0.19499999284744263,0.24500000476837158
128,1,45,0.19499999284744263,0.24500000476837158
128,1,46,0.19499999284744263,0.24500000476837158
128,1,47,0.1899999976158142,0.25
128,1,48,0.1899999976158142,0.25
128,1,49,0.1899999976158142,0.25
128,1,50,0.1850000023841858,0.25
128,1,51,0.17499999701976776,0.25
128,1,52,0.17499999701976776,0.25
128,1,53,0.17000000178813934,0.25
128,1,54,0.16500000655651093,0.24500000476837158
128,1,55,0.16500000655651093,0.24500000476837158
128,1,56,0.16500000655651093,0.24500000476837158
128,1,57,0.16500000655651093,0.24500000476837158
128,1,58,0.16500000655651093,0.2549999952316284
128,1,59,0.15000000596046448,0.2549999952316284
128,1,60,0.15000000596046448,0.2549999952316284
128,1,61,0.15000000596046448,0.2549999952316284
128,1,62,0.15000000596046448,0.2549999952316284
128,1,63,0.14000000059604645,0.25
128,1,64,0.14000000059604645,0.25
128,1,65,0.14000000059604645,0.25
128,1,66,0.14000000059604645,0.25
128,1,67,0.14000000059604645,0.25
128,1,68,0.12999999523162842,0.25
128,1,69,0.12999999523162842,0.25
128,1,70,0.12999999523162842,0.25
128,1,71,0.12999999523162842,0.25
128,1,72,0.12999999523162842,0.25
128,1,73,0.11999999731779099,0.25
128,1,74,0.11500000208616257,0.2549999952316284
128,1,75,0.10999999940395355,0.2549999952316284
128,1,76,0.10999999940395355,0.2549999952316284
128,1,77,0.10999999940395355,0.2549999952316284
128,1,78,0.10999999940395355,0.25
128,1,79,0.10999999940395355,0.24500000476837158
128,1,80,0.10000000149011612,0.24500000476837158
128,1,81,0.0949999988079071,0.24500000476837158
128,1,82,0.09000000357627869,0.24500000476837158
128,1,83,0.09000000357627869,0.24500000476837158
128,1,84,0.08500000089406967,0.24500000476837158
128,1,85,0.08500000089406967,0.23999999463558197
128,1,86,0.08500000089406967,0.23999999463558197
128,1,87,0.08500000089406967,0.23999999463558197
128,1,88,0.08500000089406967,0.24500000476837158
128,1,89,0.07999999821186066,0.23999999463558197
128,1,90,0.07999999821186066,0.24500000476837158
128,1,91,0.07500000298023224,0.24500000476837158
128,1,92,0.07500000298023224,0.25
128,1,93,0.07000000029802322,0.2549999952316284
128,1,94,0.07000000029802322,0.2549999952316284
128,1,95,0.06499999761581421,0.2549999952316284
128,1,96,0.05000000074505806,0.2549999952316284
128,1,97,0.05000000074505806,0.2549999952316284
128,1,98,0.05000000074505806,0.2549999952316284
128,1,99,0.05000000074505806,0.2549999952316284
128,1,100,0.05000000074505806,0.2549999952316284
128,1,101,0.05000000074505806,0.2549999952316284
128,1,102,0.05000000074505806,0.2549999952316284
128,1,103,0.04500000178813934,0.2549999952316284
128,1,104,0.04500000178813934,0.2549999952316284
128,1,105,0.04500000178813934,0.25
128,1,106,0.04500000178813934,0.25
128,1,107,0.03500000014901161,0.25
128,1,108,0.029999999329447746,0.25
128,1,109,0.02500000037252903,0.2549999952316284
128,1,110,0.02500000037252903,0.2549999952316284
128,1,111,0.02500000037252903,0.2549999952316284
128,1,112,0.02500000037252903,0.25999999046325684
128,1,113,0.02500000037252903,0.25999999046325684
128,1,114,0.02500000037252903,0.25999999046325684
128,1,115,0.019999999552965164,0.25999999046325684
128,1,116,0.014999999664723873,0.26499998569488525
128,1,117,0.014999999664723873,0.25999999046325684
128,1,118,0.009999999776482582,0.25999999046325684
128,1,119,0.009999999776482582,0.25999999046325684
128,1,120,0.009999999776482582,0.25999999046325684
128,1,121,0.009999999776482582,0.26499998569488525
128,1,122,0.009999999776482582,0.26499998569488525
128,1,123,0.009999999776482582,0.26499998569488525
128,1,124,0.009999999776482582,0.25999999046325684
128,1,125,0.009999999776482582,0.25999999046325684
128,1,126,0.004999999888241291,0.25999999046325684
128,1,127,0.004999999888241291,0.26499998569488525
128,1,128,0.004999999888241291,0.26499998569488525
128,1,129,0.004999999888241291,0.26499998569488525
128,1,130,0.004999999888241291,0.26499998569488525
128,1,131,0.004999999888241291,0.26499998569488525
128,1,132,0.004999999888241291,0.26499998569488525
128,1,133,0.004999999888241291,0.26499998569488525
128,1,134,0.004999999888241291,0.27000001072883606
128,1,135,0.004999999888241291,0.27000001072883606
128,1,136,0.004999999888241291,0.27000001072883606
128,1,137,0.004999999888241291,0.27000001072883606
128,1,138,0.004999999888241291,0.27000001072883606
128,1,139,0.004999999888241291,0.27000001072883606
128,1,140,0.0,0.27000001072883606
128,1,141,0.0,0.27000001072883606
128,1,142,0.0,0.27000001072883606
128,1,143,0.0,0.27000001072883606
128,1,144,0.0,0.2750000059604645
128,1,145,0.0,0.2750000059604645
128,1,146,0.0,0.2750000059604645
128,1,147,0.0,0.2750000059604645
128,1,148,0.0,0.2750000059604645
128,1,149,0.0,0.2750000059604645
128,1,150,0.0,0.2750000059604645
128,1,151,0.0,0.2750000059604645
128,1,152,0.0,0.2750000059604645
128,1,153,0.0,0.2750000059604645
128,1,154,0.0,0.2750000059604645
128,1,155,0.0,0.2750000059604645
128,1,156,0.0,0.2750000059604645
128,1,157,0.0,0.2750000059604645
128,1,158,0.0,0.2750000059604645
128,1,159,0.0,0.2800000011920929
128,1,160,0.0,0.2800000011920929
128,1,161,0.0,0.2800000011920929
128,1,162,0.0,0.2800000011920929
128,1,163,0.0,0.2800000011920929
128,1,164,0.0,0.2800000011920929
128,1,165,0.0,0.2800000011920929
128,1,166,0.0,0.2800000011920929
128,1,167,0.0,0.2800000011920929
128,1,168,0.0,0.2800000011920929
128,1,169,0.0,0.2800000011920929
128,1,170,0.0,0.2800000011920929
128,1,171,0.0,0.2800000011920929
128,1,172,0.0,0.2800000011920929
128,1,173,0.0,0.2800000011920929
128,1,174,0.0,0.2800000011920929
128,1,175,0.0,0.2800000011920929
128,1,176,0.0,0.2800000011920929
128,1,177,0.0,0.2800000011920929
128,1,178,0.0,0.2800000011920929
128,1,179,0.0,0.2800000011920929
128,1,180,0.0,0.2800000011920929
128,1,181,0.0,0.2800000011920929
128,1,182,0.0,0.2800000011920929
128,1,183,0.0,0.2800000011920929
128,1,184,0.0,0.2800000011920929
128,1,185,0.0,0.2800000011920929
128,1,186,0.0,0.2800000011920929
128,1,187,0.0,0.2800000011920929
128,1,188,0.0,0.2800000011920929
128,1,189,0.0,0.2800000011920929
128,1,190,0.0,0.2800000011920929
128,1,191,0.0,0.2800000011920929
128,1,192,0.0,0.2800000011920929
128,1,193,0.0,0.2800000011920929
128,1,194,0.0,0.2800000011920929
128,1,195,0.0,0.2800000011920929
128,1,196,0.0,0.2800000011920929
128,1,197,0.0,0.2800000011920929
128,1,198,0.0,0.2800000011920929
128,1,199,0.0,0.2800000011920929
256,1,0,0.38999998569488525,0.3799999952316284
256,1,1,0.38999998569488525,0.39500001072883606
256,1,2,0.36500000953674316,0.3799999952316284
256,1,3,0.3199999928474426,0.35499998927116394
256,1,4,0.2849999964237213,0.3449999988079071
256,1,5,0.25999999046325684,0.33000001311302185
256,1,6,0.2549999952316284,0.33000001311302185
256,1,7,0.27000001072883606,0.3149999976158142
256,1,8,0.25,0.28999999165534973
256,1,9,0.23999999463558197,0.30000001192092896
256,1,10,0.22499999403953552,0.2800000011920929
256,1,11,0.23000000417232513,0.2750000059604645
256,1,12,0.23000000417232513,0.26499998569488525
256,1,13,0.22499999403953552,0.2549999952316284
256,1,14,0.2199999988079071,0.2549999952316284
256,1,15,0.2199999988079071,0.25
256,1,16,0.2199999988079071,0.25
256,1,17,0.2199999988079071,0.23999999463558197
256,1,18,0.2199999988079071,0.23999999463558197
256,1,19,0.2150000035762787,0.23999999463558197
256,1,20,0.2150000035762787,0.23999999463558197
256,1,21,0.20499999821186066,0.25
256,1,22,0.20000000298023224,0.2549999952316284
256,1,23,0.20000000298023224,0.2549999952316284
256,1,24,0.1899999976158142,0.2549999952316284
256,1,25,0.1899999976158142,0.25
256,1,26,0.1899999976158142,0.25
256,1,27,0.1899999976158142,0.25
256,1,28,0.1850000023841858,0.25999999046325684
256,1,29,0.1850000023841858,0.25999999046325684
256,1,30,0.1850000023841858,0.2549999952316284
256,1,31,0.18000000715255737,0.24500000476837158
256,1,32,0.17499999701976776,0.24500000476837158
256,1,33,0.16500000655651093,0.23999999463558197
256,1,34,0.16500000655651093,0.23999999463558197
256,1,35,0.16500000655651093,0.23999999463558197
256,1,36,0.1550000011920929,0.23999999463558197
256,1,37,0.15000000596046448,0.23999999463558197
256,1,38,0.15000000596046448,0.23999999463558197
256,1,39,0.14499999582767487,0.24500000476837158
256,1,40,0.14499999582767487,0.24500000476837158
256,1,41,0.14000000059604645,0.2549999952316284
256,1,42,0.14000000059604645,0.2549999952316284
256,1,43,0.12999999523162842,0.2549999952316284
256,1,44,0.12999999523162842,0.2549999952316284
256,1,45,0.11999999731779099,0.2549999952316284
256,1,46,0.11500000208616257,0.2549999952316284
256,1,47,0.11500000208616257,0.2549999952316284
256,1,48,0.11500000208616257,0.2549999952316284
256,1,49,0.10999999940395355,0.25
256,1,50,0.10999999940395355,0.25
256,1,51,0.10999999940395355,0.25
256,1,52,0.10499999672174454,0.24500000476837158
256,1,53,0.10499999672174454,0.24500000476837158
256,1,54,0.10499999672174454,0.24500000476837158
256,1,55,0.10499999672174454,0.24500000476837158
256,1,56,0.10499999672174454,0.2549999952316284
256,1,57,0.0949999988079071,0.2549999952316284
256,1,58,0.08500000089406967,0.2549999952316284
256,1,59,0.08500000089406967,0.2549999952316284
256,1,60,0.07999999821186066,0.25
256,1,61,0.07999999821186066,0.25
256,1,62,0.07000000029802322,0.2549999952316284
256,1,63,0.07000000029802322,0.2549999952316284
256,1,64,0.07000000029802322,0.2549999952316284
256,1,65,0.07000000029802322,0.2549999952316284
256,1,66,0.054999999701976776,0.2549999952316284
256,1,67,0.05000000074505806,0.2549999952316284
256,1,68,0.05000000074505806,0.2549999952316284
256,1,69,0.05000000074505806,0.2549999952316284
256,1,70,0.05000000074505806,0.25999999046325684
256,1,71,0.04500000178813934,0.25999999046325684
256,1,72,0.03999999910593033,0.25999999046325684
256,1,73,0.03999999910593033,0.26499998569488525
256,1,74,0.03999999910593033,0.26499998569488525
256,1,75,0.03999999910593033,0.26499998569488525
256,1,76,0.03500000014901161,0.26499998569488525
256,1,77,0.03500000014901161,0.25999999046325684
256,1,78,0.03500000014901161,0.2549999952316284
256,1,79,0.029999999329447746,0.2549999952316284
256,1,80,0.029999999329447746,0.2549999952316284
256,1,81,0.029999999329447746,0.2549999952316284
256,1,82,0.029999999329447746,0.25999999046325684
256,1,83,0.02500000037252903,0.25999999046325684
256,1,84,0.02500000037252903,0.25999999046325684
256,1,85,0.019999999552965164,0.26499998569488525
256,1,86,0.019999999552965164,0.26499998569488525
256,1,87,0.014999999664723873,0.27000001072883606
256,1,88,0.009999999776482582,0.27000001072883606
256,1,89,0.009999999776482582,0.27000001072883606
256,1,90,0.009999999776482582,0.27000001072883606
256,1,91,0.009999999776482582,0.27000001072883606
256,1,92,0.004999999888241291,0.27000001072883606
256,1,93,0.004999999888241291,0.27000001072883606
256,1,94,0.004999999888241291,0.27000001072883606
256,1,95,0.004999999888241291,0.27000001072883606
256,1,96,0.004999999888241291,0.27000001072883606
256,1,97,0.004999999888241291,0.27000001072883606
256,1,98,0.004999999888241291,0.27000001072883606
256,1,99,0.004999999888241291,0.27000001072883606
256,1,100,0.004999999888241291,0.27000001072883606
256,1,101,0.004999999888241291,0.27000001072883606
256,1,102,0.004999999888241291,0.27000001072883606
256,1,103,0.0,0.27000001072883606
256,1,104,0.0,0.27000001072883606
256,1,105,0.0,0.27000001072883606
256,1,106,0.0,0.27000001072883606
256,1,107,0.0,0.27000001072883606
256,1,108,0.0,0.27000001072883606
256,1,109,0.0,0.27000001072883606
256,1,110,0.0,0.2750000059604645
256,1,111,0.0,0.2750000059604645
256,1,112,0.0,0.2750000059604645
256,1,113,0.0,0.2750000059604645
256,1,114,0.0,0.2750000059604645
256,1,115,0.0,0.2750000059604645
256,1,116,0.0,0.2750000059604645
256,1,117,0.0,0.2750000059604645
256,1,118,0.0,0.2750000059604645
256,1,119,0.0,0.2750000059604645
256,1,120,0.0,0.2750000059604645
256,1,121,0.0,0.2750000059604645
256,1,122,0.0,0.2750000059604645
256,1,123,0.0,0.2750000059604645
256,1,124,0.0,0.2800000011920929
256,1,125,0.0,0.2800000011920929
256,1,126,0.0,0.2800000011920929
256,1,127,0.0,0.2800000011920929
256,1,128,0.0,0.2800000011920929
256,1,129,0.0,0.2800000011920929
256,1,130,0.0,0.2800000011920929
256,1,131,0.0,0.2800000011920929
256,1,132,0.0,0.2800000011920929
256,1,133,0.0,0.2800000011920929
256,1,134,0.0,0.2800000011920929
256,1,135,0.0,0.2800000011920929
256,1,136,0.0,0.2800000011920929
256,1,137,0.0,0.2800000011920929
256,1,138,0.0,0.2800000011920929
256,1,139,0.0,0.2800000011920929
256,1,140,0.0,0.2800000011920929
256,1,141,0.0,0.2800000011920929
256,1,142,0.0,0.2800000011920929
256,1,143,0.0,0.2800000011920929
256,1,144,0.0,0.2800000011920929
256,1,145,0.0,0.2800000011920929
256,1,146,0.0,0.2800000011920929
256,1,147,0.0,0.2800000011920929
256,1,148,0.0,0.2800000011920929
256,1,149,0.0,0.2800000011920929
256,1,150,0.0,0.2800000011920929
256,1,151,0.0,0.2800000011920929
256,1,152,0.0,0.2800000011920929
256,1,153,0.0,0.2800000011920929
256,1,154,0.0,0.2849999964237213
256,1,155,0.0,0.2849999964237213
256,1,156,0.0,0.2849999964237213
256,1,157,0.0,0.2849999964237213
256,1,158,0.0,0.2849999964237213
256,1,159,0.0,0.2849999964237213
256,1,160,0.0,0.2849999964237213
256,1,161,0.0,0.2849999964237213
256,1,162,0.0,0.2849999964237213
256,1,163,0.0,0.2849999964237213
256,1,164,0.0,0.2849999964237213
256,1,165,0.0,0.2849999964237213
256,1,166,0.0,0.28999999165534973
256,1,167,0.0,0.28999999165534973
256,1,168,0.0,0.28999999165534973
256,1,169,0.0,0.28999999165534973
256,1,170,0.0,0.28999999165534973
256,1,171,0.0,0.28999999165534973
256,1,172,0.0,0.28999999165534973
256,1,173,0.0,0.28999999165534973
256,1,174,0.0,0.28999999165534973
256,1,175,0.0,0.28999999165534973
256,1,176,0.0,0.28999999165534973
256,1,177,0.0,0.29499998688697815
256,1,178,0.0,0.29499998688697815
256,1,179,0.0,0.29499998688697815
256,1,180,0.0,0.29499998688697815
256,1,181,0.0,0.29499998688697815
256,1,182,0.0,0.29499998688697815
256,1,183,0.0,0.29499998688697815
256,1,184,0.0,0.29499998688697815
256,1,185,0.0,0.29499998688697815
256,1,186,0.0,0.29499998688697815
256,1,187,0.0,0.29499998688697815
256,1,188,0.0,0.29499998688697815
256,1,189,0.0,0.29499998688697815
256,1,190,0.0,0.29499998688697815
256,1,191,0.0,0.29499998688697815
256,1,192,0.0,0.29499998688697815
256,1,193,0.0,0.29499998688697815
256,1,194,0.0,0.30000001192092896
256,1,195,0.0,0.30000001192092896
256,1,196,0.0,0.30000001192092896
256,1,197,0.0,0.30000001192092896
256,1,198,0.0,0.30000001192092896
256,1,199,0.0,0.30000001192092896
512,1,0,0.5199999809265137,0.4650000035762787
512,1,1,0.38999998569488525,0.38499999046325684
512,1,2,0.3400000035762787,0.36000001430511475
512,1,3,0.29499998688697815,0.35499998927116394
512,1,4,0.2750000059604645,0.3149999976158142
512,1,5,0.27000001072883606,0.2849999964237213
512,1,6,0.24500000476837158,0.27000001072883606
512,1,7,0.23499999940395355,0.27000001072883606
512,1,8,0.23999999463558197,0.26499998569488525
512,1,9,0.24500000476837158,0.2750000059604645
512,1,10,0.23499999940395355,0.27000001072883606
512,1,11,0.23000000417232513,0.2750000059604645
512,1,12,0.23000000417232513,0.27000001072883606
512,1,13,0.23000000417232513,0.27000001072883606
512,1,14,0.22499999403953552,0.27000001072883606
512,1,15,0.22499999403953552,0.2800000011920929
512,1,16,0.22499999403953552,0.2849999964237213
512,1,17,0.22499999403953552,0.2849999964237213
512,1,18,0.20999999344348907,0.29499998688697815
512,1,19,0.20499999821186066,0.28999999165534973
512,1,20,0.20499999821186066,0.28999999165534973
512,1,21,0.20000000298023224,0.27000001072883606
512,1,22,0.19499999284744263,0.27000001072883606
512,1,23,0.18000000715255737,0.26499998569488525
512,1,24,0.18000000715255737,0.27000001072883606
512,1,25,0.17499999701976776,0.27000001072883606
512,1,26,0.16500000655651093,0.2750000059604645
512,1,27,0.17000000178813934,0.27000001072883606
512,1,28,0.16500000655651093,0.27000001072883606
512,1,29,0.15000000596046448,0.27000001072883606
512,1,30,0.15000000596046448,0.2750000059604645
512,1,31,0.15000000596046448,0.2750000059604645
512,1,32,0.14000000059604645,0.2750000059604645
512,1,33,0.13500000536441803,0.2800000011920929
512,1,34,0.12999999523162842,0.2849999964237213
512,1,35,0.11999999731779099,0.2750000059604645
512,1,36,0.11500000208616257,0.2800000011920929
512,1,37,0.10999999940395355,0.2750000059604645
512,1,38,0.10999999940395355,0.2750000059604645
512,1,39,0.10499999672174454,0.27000001072883606
512,1,40,0.10000000149011612,0.27000001072883606
512,1,41,0.0949999988079071,0.27000001072883606
512,1,42,0.0949999988079071,0.26499998569488525
512,1,43,0.09000000357627869,0.26499998569488525
512,1,44,0.09000000357627869,0.26499998569488525
512,1,45,0.09000000357627869,0.26499998569488525
512,1,46,0.07999999821186066,0.26499998569488525
512,1,47,0.07999999821186066,0.25999999046325684
512,1,48,0.07999999821186066,0.2549999952316284
512,1,49,0.07500000298023224,0.25999999046325684
512,1,50,0.06499999761581421,0.25999999046325684
512,1,51,0.05999999865889549,0.2549999952316284
512,1,52,0.05999999865889549,0.25
512,1,53,0.05999999865889549,0.25
512,1,54,0.054999999701976776,0.24500000476837158
512,1,55,0.054999999701976776,0.25
512,1,56,0.05000000074505806,0.25
512,1,57,0.04500000178813934,0.25
512,1,58,0.04500000178813934,0.25
512,1,59,0.04500000178813934,0.25
512,1,60,0.03999999910593033,0.25
512,1,61,0.03999999910593033,0.25
512,1,62,0.03500000014901161,0.2549999952316284
512,1,63,0.03500000014901161,0.25999999046325684
512,1,64,0.03500000014901161,0.25999999046325684
512,1,65,0.03500000014901161,0.25999999046325684
512,1,66,0.029999999329447746,0.25999999046325684
512,1,67,0.02500000037252903,0.25999999046325684
512,1,68,0.019999999552965164,0.25999999046325684
512,1,69,0.014999999664723873,0.25999999046325684
512,1,70,0.014999999664723873,0.25999999046325684
512,1,71,0.014999999664723873,0.26499998569488525
512,1,72,0.014999999664723873,0.26499998569488525
512,1,73,0.014999999664723873,0.26499998569488525
512,1,74,0.009999999776482582,0.27000001072883606
512,1,75,0.009999999776482582,0.27000001072883606
512,1,76,0.004999999888241291,0.27000001072883606
512,1,77,0.004999999888241291,0.27000001072883606
512,1,78,0.004999999888241291,0.27000001072883606
512,1,79,0.004999999888241291,0.27000001072883606
512,1,80,0.004999999888241291,0.2750000059604645
512,1,81,0.004999999888241291,0.2750000059604645
512,1,82,0.004999999888241291,0.2750000059604645
512,1,83,0.004999999888241291,0.2750000059604645
512,1,84,0.0,0.2750000059604645
512,1,85,0.0,0.2750000059604645
512,1,86,0.0,0.2750000059604645
512,1,87,0.0,0.27000001072883606
512,1,88,0.0,0.2750000059604645
512,1,89,0.0,0.2750000059604645
512,1,90,0.0,0.2750000059604645
512,1,91,0.0,0.2750000059604645
512,1,92,0.0,0.27000001072883606
512,1,93,0.0,0.2750000059604645
512,1,94,0.0,0.2750000059604645
512,1,95,0.0,0.2750000059604645
512,1,96,0.0,0.2750000059604645
512,1,97,0.0,0.2750000059604645
512,1,98,0.0,0.2750000059604645
512,1,99,0.0,0.2750000059604645
512,1,100,0.0,0.2750000059604645
512,1,101,0.0,0.2750000059604645
512,1,102,0.0,0.2750000059604645
512,1,103,0.0,0.2750000059604645
512,1,104,0.0,0.2800000011920929
512,1,105,0.0,0.2800000011920929
512,1,106,0.0,0.2800000011920929
512,1,107,0.0,0.2800000011920929
512,1,108,0.0,0.2800000011920929
512,1,109,0.0,0.2800000011920929
512,1,110,0.0,0.2800000011920929
512,1,111,0.0,0.2849999964237213
512,1,112,0.0,0.2849999964237213
512,1,113,0.0,0.2849999964237213
512,1,114,0.0,0.2849999964237213
512,1,115,0.0,0.2849999964237213
512,1,116,0.0,0.2849999964237213
512,1,117,0.0,0.2849999964237213
512,1,118,0.0,0.2849999964237213
512,1,119,0.0,0.2849999964237213
512,1,120,0.0,0.2849999964237213
512,1,121,0.0,0.2849999964237213
512,1,122,0.0,0.2849999964237213
512,1,123,0.0,0.2849999964237213
512,1,124,0.0,0.2849999964237213
512,1,125,0.0,0.2849999964237213
512,1,126,0.0,0.2849999964237213
512,1,127,0.0,0.2849999964237213
512,1,128,0.0,0.2849999964237213
512,1,129,0.0,0.2849999964237213
512,1,130,0.0,0.2849999964237213
512,1,131,0.0,0.2849999964237213
512,1,132,0.0,0.2849999964237213
512,1,133,0.0,0.2849999964237213
512,1,134,0.0,0.2849999964237213
512,1,135,0.0,0.2849999964237213
512,1,136,0.0,0.2849999964237213
512,1,137,0.0,0.2849999964237213
512,1,138,0.0,0.2849999964237213
512,1,139,0.0,0.2849999964237213
512,1,140,0.0,0.2849999964237213
512,1,141,0.0,0.2849999964237213
512,1,142,0.0,0.2849999964237213
512,1,143,0.0,0.2849999964237213
512,1,144,0.0,0.2849999964237213
512,1,145,0.0,0.2849999964237213
512,1,146,0.0,0.2849999964237213
512,1,147,0.0,0.2849999964237213
512,1,148,0.0,0.2849999964237213
512,1,149,0.0,0.2800000011920929
512,1,150,0.0,0.2800000011920929
512,1,151,0.0,0.2800000011920929
512,1,152,0.0,0.2800000011920929
512,1,153,0.0,0.2800000011920929
512,1,154,0.0,0.2800000011920929
512,1,155,0.0,0.2800000011920929
512,1,156,0.0,0.2800000011920929
512,1,157,0.0,0.2800000011920929
512,1,158,0.0,0.2800000011920929
512,1,159,0.0,0.2800000011920929
512,1,160,0.0,0.2800000011920929
512,1,161,0.0,0.2800000011920929
512,1,162,0.0,0.2800000011920929
512,1,163,0.0,0.2800000011920929
512,1,164,0.0,0.2800000011920929
512,1,165,0.0,0.2800000011920929
512,1,166,0.0,0.2800000011920929
512,1,167,0.0,0.2800000011920929
512,1,168,0.0,0.2800000011920929
512,1,169,0.0,0.2800000011920929
512,1,170,0.0,0.2800000011920929
512,1,171,0.0,0.2800000011920929
512,1,172,0.0,0.2800000011920929
512,1,173,0.0,0.2800000011920929
512,1,174,0.0,0.2800000011920929
512,1,175,0.0,0.2800000011920929
512,1,176,0.0,0.2800000011920929
512,1,177,0.0,0.2800000011920929
512,1,178,0.0,0.2800000011920929
512,1,179,0.0,0.2800000011920929
512,1,180,0.0,0.2800000011920929
512,1,181,0.0,0.2800000011920929
512,1,182,0.0,0.2800000011920929
512,1,183,0.0,0.2800000011920929
512,1,184,0.0,0.2800000011920929
512,1,185,0.0,0.2800000011920929
512,1,186,0.0,0.2800000011920929
512,1,187,0.0,0.2800000011920929
512,1,188,0.0,0.2800000011920929
512,1,189,0.0,0.2800000011920929
512,1,190,0.0,0.2800000011920929
512,1,191,0.0,0.2800000011920929
512,1,192,0.0,0.2800000011920929
512,1,193,0.0,0.2800000011920929
512,1,194,0.0,0.2800000011920929
512,1,195,0.0,0.2800000011920929
512,1,196,0.0,0.2800000011920929
512,1,197,0.0,0.2800000011920929
512,1,198,0.0,0.2800000011920929
512,1,199,0.0,0.2800000011920929
4,2,0,0.5049999952316284,0.5099999904632568
4,2,1,0.5049999952316284,0.5099999904632568
4,2,2,0.5049999952316284,0.5099999904632568
4,2,3,0.5049999952316284,0.5099999904632568
4,2,4,0.5049999952316284,0.5099999904632568
4,2,5,0.5049999952316284,0.5099999904632568
4,2,6,0.5049999952316284,0.5099999904632568
4,2,7,0.5049999952316284,0.5099999904632568
4,2,8,0.5049999952316284,0.5099999904632568
4,2,9,0.5049999952316284,0.5099999904632568
4,2,10,0.5049999952316284,0.5099999904632568
4,2,11,0.5049999952316284,0.5099999904632568
4,2,12,0.5049999952316284,0.5099999904632568
4,2,13,0.5049999952316284,0.5099999904632568
4,2,14,0.5049999952316284,0.5099999904632568
4,2,15,0.5049999952316284,0.5099999904632568
4,2,16,0.5049999952316284,0.5099999904632568
4,2,17,0.5049999952316284,0.5099999904632568
4,2,18,0.5049999952316284,0.5099999904632568
4,2,19,0.5049999952316284,0.5099999904632568
4,2,20,0.5049999952316284,0.5099999904632568
4,2,21,0.5049999952316284,0.5099999904632568
4,2,22,0.5049999952316284,0.5099999904632568
4,2,23,0.5049999952316284,0.5099999904632568
4,2,24,0.5049999952316284,0.5099999904632568
4,2,25,0.5049999952316284,0.5099999904632568
4,2,26,0.5049999952316284,0.5099999904632568
4,2,27,0.5049999952316284,0.5099999904632568
4,2,28,0.5049999952316284,0.5099999904632568
4,2,29,0.5049999952316284,0.5099999904632568
4,2,30,0.5049999952316284,0.5099999904632568
4,2,31,0.5049999952316284,0.5099999904632568
4,2,32,0.5049999952316284,0.5099999904632568
4,2,33,0.5049999952316284,0.5099999904632568
4,2,34,0.5049999952316284,0.5099999904632568
4,2,35,0.5049999952316284,0.5099999904632568
4,2,36,0.5049999952316284,0.5099999904632568
4,2,37,0.5,0.5049999952316284
4,2,38,0.4950000047683716,0.5049999952316284
4,2,39,0.4950000047683716,0.5049999952316284
4,2,40,0.4950000047683716,0.5
4,2,41,0.49000000953674316,0.5
4,2,42,0.49000000953674316,0.5
4,2,43,0.49000000953674316,0.4950000047683716
4,2,44,0.49000000953674316,0.4950000047683716
4,2,45,0.49000000953674316,0.49000000953674316
4,2,46,0.49000000953674316,0.49000000953674316
4,2,47,0.49000000953674316,0.49000000953674316
4,2,48,0.49000000953674316,0.49000000953674316
4,2,49,0.49000000953674316,0.48500001430511475
4,2,50,0.47999998927116394,0.49000000953674316
4,2,51,0.4749999940395355,0.49000000953674316
4,2,52,0.4749999940395355,0.48500001430511475
4,2,53,0.4699999988079071,0.48500001430511475
4,2,54,0.4650000035762787,0.47999998927116394
4,2,55,0.45500001311302185,0.4749999940395355
4,2,56,0.4449999928474426,0.4699999988079071
4,2,57,0.4399999976158142,0.46000000834465027
4,2,58,0.4350000023841858,0.46000000834465027
4,2,59,0.4300000071525574,0.45500001311302185
4,2,60,0.42500001192092896,0.44999998807907104
4,2,61,0.4050000011920929,0.4449999928474426
4,2,62,0.4000000059604645,0.4399999976158142
4,2,63,0.4000000059604645,0.4399999976158142
4,2,64,0.38999998569488525,0.4350000023841858
4,2,65,0.3799999952316284,0.4399999976158142
4,2,66,0.375,0.4300000071525574
4,2,67,0.36500000953674316,0.42500001192092896
4,2,68,0.3700000047683716,0.41999998688697815
4,2,69,0.36000001430511475,0.4050000011920929
4,2,70,0.3499999940395355,0.4050000011920929
4,2,71,0.3449999988079071,0.4000000059604645
4,2,72,0.3499999940395355,0.38999998569488525
4,2,73,0.3400000035762787,0.39500001072883606
4,2,74,0.3400000035762787,0.39500001072883606
4,2,75,0.3400000035762787,0.38999998569488525
4,2,76,0.33000001311302185,0.39500001072883606
4,2,77,0.32499998807907104,0.38999998569488525
4,2,78,0.32499998807907104,0.38999998569488525
4,2,79,0.3199999928474426,0.38999998569488525
4,2,80,0.3199999928474426,0.38499999046325684
4,2,81,0.3199999928474426,0.38999998569488525
4,2,82,0.32499998807907104,0.38499999046325684
4,2,83,0.3199999928474426,0.3799999952316284
4,2,84,0.3149999976158142,0.375
4,2,85,0.3199999928474426,0.375
4,2,86,0.3199999928474426,0.3700000047683716
4,2,87,0.3199999928474426,0.3700000047683716
4,2,88,0.3149999976158142,0.36000001430511475
4,2,89,0.3100000023841858,0.36000001430511475
4,2,90,0.3050000071525574,0.35499998927116394
4,2,91,0.30000001192092896,0.35499998927116394
4,2,92,0.3050000071525574,0.3499999940395355
4,2,93,0.30000001192092896,0.3400000035762787
4,2,94,0.29499998688697815,0.3449999988079071
4,2,95,0.2800000011920929,0.33500000834465027
4,2,96,0.2750000059604645,0.3400000035762787
4,2,97,0.2750000059604645,0.33500000834465027
4,2,98,0.26499998569488525,0.3400000035762787
4,2,99,0.26499998569488525,0.33000001311302185
4,2,100,0.25999999046325684,0.33000001311302185
4,2,101,0.26499998569488525,0.32499998807907104
4,2,102,0.25999999046325684,0.3199999928474426
4,2,103,0.25999999046325684,0.3199999928474426
4,2,104,0.25,0.3199999928474426
4,2,105,0.24500000476837158,0.3199999928474426
4,2,106,0.24500000476837158,0.3100000023841858
4,2,107,0.23999999463558197,0.30000001192092896
4,2,108,0.23999999463558197,0.30000001192092896
4,2,109,0.23000000417232513,0.30000001192092896
4,2,110,0.23000000417232513,0.2849999964237213
4,2,111,0.22499999403953552,0.2800000011920929
4,2,112,0.22499999403953552,0.2800000011920929
4,2,113,0.2199999988079071,0.2800000011920929
4,2,114,0.22499999403953552,0.25999999046325684
4,2,115,0.22499999403953552,0.24500000476837158
4,2,116,0.22499999403953552,0.24500000476837158
4,2,117,0.2199999988079071,0.24500000476837158
4,2,118,0.2199999988079071,0.24500000476837158
4,2,119,0.2150000035762787,0.23499999940395355
4,2,120,0.2150000035762787,0.23499999940395355
4,2,121,0.20999999344348907,0.23499999940395355
4,2,122,0.20999999344348907,0.23499999940395355
4,2,123,0.20999999344348907,0.23499999940395355
4,2,124,0.2150000035762787,0.23000000417232513
4,2,125,0.20999999344348907,0.23499999940395355
4,2,126,0.20999999344348907,0.23499999940395355
4,2,127,0.20999999344348907,0.23000000417232513
4,2,128,0.20999999344348907,0.23000000417232513
4,2,129,0.20999999344348907,0.23000000417232513
4,2,130,0.20999999344348907,0.23000000417232513
4,2,131,0.20999999344348907,0.23000000417232513
4,2,132,0.20499999821186066,0.23000000417232513
4,2,133,0.20000000298023224,0.23000000417232513
4,2,134,0.19499999284744263,0.23000000417232513
4,2,135,0.19499999284744263,0.23000000417232513
4,2,136,0.19499999284744263,0.23000000417232513
4,2,137,0.19499999284744263,0.23000000417232513
4,2,138,0.19499999284744263,0.23000000417232513
4,2,139,0.19499999284744263,0.23000000417232513
4,2,140,0.19499999284744263,0.23000000417232513
4,2,141,0.19499999284744263,0.23000000417232513
4,2,142,0.19499999284744263,0.23000000417232513
4,2,143,0.19499999284744263,0.23000000417232513
4,2,144,0.19499999284744263,0.23000000417232513
4,2,145,0.19499999284744263,0.23000000417232513
4,2,146,0.19499999284744263,0.23000000417232513
4,2,147,0.19499999284744263,0.23000000417232513
4,2,148,0.19499999284744263,0.23499999940395355
4,2,149,0.19499999284744263,0.23499999940395355
4,2,150,0.19499999284744263,0.23499999940395355
4,2,151,0.19499999284744263,0.23499999940395355
4,2,152,0.19499999284744263,0.23499999940395355
4,2,153,0.19499999284744263,0.23499999940395355
4,2,154,0.19499999284744263,0.23499999940395355
4,2,155,0.19499999284744263,0.23000000417232513
4,2,156,0.19499999284744263,0.23000000417232513
4,2,157,0.19499999284744263,0.23000000417232513
4,2,158,0.19499999284744263,0.23000000417232513
4,2,159,0.19499999284744263,0.23000000417232513
4,2,160,0.19499999284744263,0.23000000417232513
4,2,161,0.1899999976158142,0.23000000417232513
4,2,162,0.1899999976158142,0.23000000417232513
4,2,163,0.1899999976158142,0.23000000417232513
4,2,164,0.1899999976158142,0.23000000417232513
4,2,165,0.18000000715255737,0.23000000417232513
4,2,166,0.18000000715255737,0.23000000417232513
4,2,167,0.18000000715255737,0.23000000417232513
4,2,168,0.18000000715255737,0.23000000417232513
4,2,169,0.18000000715255737,0.23000000417232513
4,2,170,0.18000000715255737,0.23000000417232513
4,2,171,0.18000000715255737,0.23000000417232513
4,2,172,0.17499999701976776,0.23000000417232513
4,2,173,0.17499999701976776,0.23000000417232513
4,2,174,0.17499999701976776,0.23000000417232513
4,2,175,0.17499999701976776,0.23000000417232513
4,2,176,0.17499999701976776,0.23000000417232513
4,2,177,0.18000000715255737,0.23000000417232513
4,2,178,0.18000000715255737,0.22499999403953552
4,2,179,0.18000000715255737,0.22499999403953552
4,2,180,0.18000000715255737,0.22499999403953552
4,2,181,0.18000000715255737,0.22499999403953552
4,2,182,0.18000000715255737,0.22499999403953552
4,2,183,0.18000000715255737,0.22499999403953552
4,2,184,0.18000000715255737,0.22499999403953552
4,2,185,0.18000000715255737,0.2199999988079071
4,2,186,0.18000000715255737,0.2199999988079071
4,2,187,0.18000000715255737,0.2199999988079071
4,2,188,0.18000000715255737,0.2199999988079071
4,2,189,0.18000000715255737,0.2199999988079071
4,2,190,0.18000000715255737,0.2199999988079071
4,2,191,0.18000000715255737,0.2199999988079071
4,2,192,0.17499999701976776,0.2199999988079071
4,2,193,0.17499999701976776,0.2199999988079071
4,2,194,0.17499999701976776,0.2199999988079071
4,2,195,0.17499999701976776,0.2199999988079071
4,2,196,0.17000000178813934,0.2150000035762787
4,2,197,0.16500000655651093,0.2150000035762787
4,2,198,0.16500000655651093,0.2150000035762787
4,2,199,0.16500000655651093,0.2150000035762787
8,2,0,0.49000000953674316,0.5049999952316284
8,2,1,0.4950000047683716,0.5049999952316284
8,2,2,0.4950000047683716,0.5049999952316284
8,2,3,0.4950000047683716,0.5
8,2,4,0.5,0.5
8,2,5,0.5,0.5
8,2,6,0.5,0.5
8,2,7,0.5049999952316284,0.5
8,2,8,0.5049999952316284,0.5
8,2,9,0.5,0.5
8,2,10,0.4950000047683716,0.5
8,2,11,0.48500001430511475,0.4950000047683716
8,2,12,0.47999998927116394,0.4950000047683716
8,2,13,0.47999998927116394,0.4950000047683716
8,2,14,0.47999998927116394,0.49000000953674316
8,2,15,0.48500001430511475,0.48500001430511475
8,2,16,0.48500001430511475,0.4749999940395355
8,2,17,0.49000000953674316,0.45500001311302185
8,2,18,0.48500001430511475,0.45500001311302185
8,2,19,0.48500001430511475,0.45500001311302185
8,2,20,0.4749999940395355,0.44999998807907104
8,2,21,0.4749999940395355,0.44999998807907104
8,2,22,0.45500001311302185,0.4449999928474426
8,2,23,0.4449999928474426,0.44999998807907104
8,2,24,0.4399999976158142,0.4449999928474426
8,2,25,0.4350000023841858,0.4350000023841858
8,2,26,0.4350000023841858,0.4350000023841858
8,2,27,0.4350000023841858,0.4300000071525574
8,2,28,0.4300000071525574,0.4300000071525574
8,2,29,0.4300000071525574,0.41999998688697815
8,2,30,0.42500001192092896,0.41499999165534973
8,2,31,0.41999998688697815,0.4099999964237213
8,2,32,0.41499999165534973,0.41499999165534973
8,2,33,0.41499999165534973,0.41499999165534973
8,2,34,0.4050000011920929,0.41999998688697815
8,2,35,0.4050000011920929,0.4099999964237213
8,2,36,0.39500001072883606,0.39500001072883606
8,2,37,0.38499999046325684,0.4000000059604645
8,2,38,0.38499999046325684,0.39500001072883606
8,2,39,0.38499999046325684,0.3799999952316284
8,2,40,0.3799999952316284,0.3799999952316284
8,2,41,0.38499999046325684,0.3799999952316284
8,2,42,0.38999998569488525,0.375
8,2,43,0.375,0.3700000047683716
8,2,44,0.375,0.36500000953674316
8,2,45,0.375,0.36500000953674316
8,2,46,0.3700000047683716,0.3449999988079071
8,2,47,0.36000001430511475,0.3449999988079071
8,2,48,0.35499998927116394,0.3449999988079071
8,2,49,0.3499999940395355,0.3499999940395355
8,2,50,0.33500000834465027,0.33500000834465027
8,2,51,0.3199999928474426,0.33000001311302185
8,2,52,0.3100000023841858,0.33000001311302185
8,2,53,0.3050000071525574,0.33500000834465027
8,2,54,0.30000001192092896,0.3149999976158142
8,2,55,0.30000001192092896,0.3100000023841858
8,2,56,0.28999999165534973,0.3050000071525574
8,2,57,0.2849999964237213,0.3149999976158142
8,2,58,0.2800000011920929,0.3100000023841858
8,2,59,0.2849999964237213,0.3100000023841858
8,2,60,0.2849999964237213,0.3100000023841858
8,2,61,0.2800000011920929,0.3050000071525574
8,2,62,0.2800000011920929,0.30000001192092896
8,2,63,0.2750000059604645,0.29499998688697815
8,2,64,0.2750000059604645,0.28999999165534973
8,2,65,0.2750000059604645,0.28999999165534973
8,2,66,0.27000001072883606,0.28999999165534973
8,2,67,0.2800000011920929,0.28999999165534973
8,2,68,0.2750000059604645,0.29499998688697815
8,2,69,0.26499998569488525,0.29499998688697815
8,2,70,0.26499998569488525,0.29499998688697815
8,2,71,0.26499998569488525,0.29499998688697815
8,2,72,0.25999999046325684,0.29499998688697815
8,2,73,0.25999999046325684,0.29499998688697815
8,2,74,0.25999999046325684,0.29499998688697815
8,2,75,0.25999999046325684,0.29499998688697815
8,2,76,0.25999999046325684,0.28999999165534973
8,2,77,0.25999999046325684,0.28999999165534973
8,2,78,0.25,0.28999999165534973
8,2,79,0.25,0.28999999165534973
8,2,80,0.24500000476837158,0.2849999964237213
8,2,81,0.24500000476837158,0.28999999165534973
8,2,82,0.23999999463558197,0.29499998688697815
8,2,83,0.23999999463558197,0.29499998688697815
8,2,84,0.23999999463558197,0.28999999165534973
8,2,85,0.23499999940395355,0.2849999964237213
8,2,86,0.23499999940395355,0.2849999964237213
8,2,87,0.23499999940395355,0.28999999165534973
8,2,88,0.23499999940395355,0.2849999964237213
8,2,89,0.23000000417232513,0.2849999964237213
8,2,90,0.23000000417232513,0.2849999964237213
8,2,91,0.22499999403953552,0.2849999964237213
8,2,92,0.22499999403953552,0.2849999964237213
8,2,93,0.2199999988079071,0.2800000011920929
8,2,94,0.2150000035762787,0.2750000059604645
8,2,95,0.2150000035762787,0.2750000059604645
8,2,96,0.20999999344348907,0.2800000011920929
8,2,97,0.2150000035762787,0.2800000011920929
8,2,98,0.2150000035762787,0.2750000059604645
8,2,99,0.2150000035762787,0.2750000059604645
8,2,100,0.20999999344348907,0.27000001072883606
8,2,101,0.20999999344348907,0.27000001072883606
8,2,102,0.20999999344348907,0.27000001072883606
8,2,103,0.20499999821186066,0.27000001072883606
8,2,104,0.20499999821186066,0.27000001072883606
8,2,105,0.20499999821186066,0.26499998569488525
8,2,106,0.20499999821186066,0.27000001072883606
8,2,107,0.20000000298023224,0.27000001072883606
8,2,108,0.20000000298023224,0.27000001072883606
8,2,109,0.20000000298023224,0.27000001072883606
8,2,110,0.19499999284744263,0.27000001072883606
8,2,111,0.19499999284744263,0.26499998569488525
8,2,112,0.20000000298023224,0.26499998569488525
8,2,113,0.20000000298023224,0.25999999046325684
8,2,114,0.19499999284744263,0.2549999952316284
8,2,115,0.19499999284744263,0.2549999952316284
8,2,116,0.19499999284744263,0.2549999952316284
8,2,117,0.19499999284744263,0.2549999952316284
8,2,118,0.19499999284744263,0.2549999952316284
8,2,119,0.19499999284744263,0.2549999952316284
8,2,120,0.20000000298023224,0.2549999952316284
8,2,121,0.20000000298023224,0.2549999952316284
8,2,122,0.20000000298023224,0.25
8,2,123,0.20000000298023224,0.24500000476837158
8,2,124,0.20000000298023224,0.24500000476837158
8,2,125,0.20000000298023224,0.24500000476837158
8,2,126,0.20000000298023224,0.24500000476837158
8,2,127,0.20000000298023224,0.25
8,2,128,0.20000000298023224,0.25
8,2,129,0.19499999284744263,0.25
8,2,130,0.19499999284744263,0.25
8,2,131,0.1899999976158142,0.24500000476837158
8,2,132,0.1899999976158142,0.24500000476837158
8,2,133,0.1899999976158142,0.24500000476837158
8,2,134,0.1899999976158142,0.23999999463558197
8,2,135,0.1850000023841858,0.23999999463558197
8,2,136,0.1850000023841858,0.23999999463558197
8,2,137,0.1850000023841858,0.23999999463558197
8,2,138,0.1850000023841858,0.23999999463558197
8,2,139,0.1850000023841858,0.23999999463558197
8,2,140,0.1850000023841858,0.23999999463558197
8,2,141,0.1850000023841858,0.23999999463558197
8,2,142,0.1850000023841858,0.23999999463558197
8,2,143,0.1850000023841858,0.23999999463558197
8,2,144,0.18000000715255737,0.23999999463558197
8,2,145,0.1850000023841858,0.23999999463558197
8,2,146,0.1850000023841858,0.23999999463558197
8,2,147,0.1850000023841858,0.23999999463558197
8,2,148,0.1850000023841858,0.23499999940395355
8,2,149,0.1850000023841858,0.23000000417232513
8,2,150,0.1850000023841858,0.23000000417232513
8,2,151,0.1850000023841858,0.23000000417232513
8,2,152,0.1850000023841858,0.23000000417232513
8,2,153,0.1850000023841858,0.23499999940395355
8,2,154,0.18000000715255737,0.23499999940395355
8,2,155,0.18000000715255737,0.23499999940395355
8,2,156,0.17499999701976776,0.23499999940395355
8,2,157,0.17499999701976776,0.23499999940395355
8,2,158,0.17000000178813934,0.23499999940395355
8,2,159,0.17000000178813934,0.23499999940395355
8,2,160,0.17000000178813934,0.23499999940395355
8,2,161,0.17000000178813934,0.23000000417232513
8,2,162,0.17000000178813934,0.23000000417232513
8,2,163,0.17000000178813934,0.23000000417232513
8,2,164,0.17000000178813934,0.23000000417232513
8,2,165,0.17000000178813934,0.23000000417232513
8,2,166,0.17000000178813934,0.22499999403953552
8,2,167,0.17000000178813934,0.22499999403953552
8,2,168,0.17000000178813934,0.22499999403953552
8,2,169,0.17000000178813934,0.22499999403953552
8,2,170,0.17000000178813934,0.22499999403953552
8,2,171,0.17000000178813934,0.22499999403953552
8,2,172,0.16500000655651093,0.22499999403953552
8,2,173,0.16500000655651093,0.22499999403953552
8,2,174,0.16500000655651093,0.22499999403953552
8,2,175,0.16500000655651093,0.22499999403953552
8,2,176,0.16500000655651093,0.22499999403953552
8,2,177,0.16500000655651093,0.22499999403953552
8,2,178,0.16500000655651093,0.22499999403953552
8,2,179,0.16500000655651093,0.22499999403953552
8,2,180,0.16500000655651093,0.22499999403953552
8,2,181,0.16500000655651093,0.22499999403953552
8,2,182,0.16500000655651093,0.22499999403953552
8,2,183,0.16500000655651093,0.22499999403953552
8,2,184,0.16500000655651093,0.22499999403953552
8,2,185,0.16500000655651093,0.22499999403953552
8,2,186,0.16500000655651093,0.22499999403953552
8,2,187,0.16500000655651093,0.22499999403953552
8,2,188,0.16500000655651093,0.22499999403953552
8,2,189,0.16500000655651093,0.22499999403953552
8,2,190,0.16500000655651093,0.22499999403953552
8,2,191,0.16500000655651093,0.22499999403953552
8,2,192,0.17000000178813934,0.2199999988079071
8,2,193,0.17000000178813934,0.2199999988079071
8,2,194,0.17000000178813934,0.2199999988079071
8,2,195,0.17000000178813934,0.2199999988079071
8,2,196,0.17000000178813934,0.2199999988079071
8,2,197,0.17000000178813934,0.2199999988079071
8,2,198,0.17000000178813934,0.2199999988079071
8,2,199,0.17499999701976776,0.22499999403953552
16,2,0,0.5899999737739563,0.550000011920929
16,2,1,0.5699999928474426,0.5350000262260437
16,2,2,0.5450000166893005,0.5400000214576721
16,2,3,0.5350000262260437,0.5249999761581421
16,2,4,0.5350000262260437,0.5149999856948853
16,2,5,0.5149999856948853,0.5099999904632568
16,2,6,0.5,0.5
16,2,7,0.48500001430511475,0.49000000953674316
16,2,8,0.4650000035762787,0.49000000953674316
16,2,9,0.45500001311302185,0.47999998927116394
16,2,10,0.44999998807907104,0.4749999940395355
16,2,11,0.4350000023841858,0.4650000035762787
16,2,12,0.42500001192092896,0.46000000834465027
16,2,13,0.41999998688697815,0.44999998807907104
16,2,14,0.4050000011920929,0.4300000071525574
16,2,15,0.4050000011920929,0.42500001192092896
16,2,16,0.4050000011920929,0.4099999964237213
16,2,17,0.375,0.39500001072883606
16,2,18,0.375,0.4000000059604645
16,2,19,0.375,0.38999998569488525
16,2,20,0.36500000953674316,0.3700000047683716
16,2,21,0.35499998927116394,0.36500000953674316
16,2,22,0.3449999988079071,0.36000001430511475
16,2,23,0.3449999988079071,0.3499999940395355
16,2,24,0.3400000035762787,0.3449999988079071
16,2,25,0.33000001311302185,0.33500000834465027
16,2,26,0.3199999928474426,0.3149999976158142
16,2,27,0.3149999976158142,0.3050000071525574
16,2,28,0.3149999976158142,0.29499998688697815
16,2,29,0.3100000023841858,0.28999999165534973
16,2,30,0.3100000023841858,0.29499998688697815
16,2,31,0.3100000023841858,0.28999999165534973
16,2,32,0.3050000071525574,0.2800000011920929
16,2,33,0.3050000071525574,0.2800000011920929
16,2,34,0.3050000071525574,0.2800000011920929
16,2,35,0.3050000071525574,0.2800000011920929
16,2,36,0.30000001192092896,0.2750000059604645
16,2,37,0.30000001192092896,0.2800000011920929
16,2,38,0.3050000071525574,0.2800000011920929
16,2,39,0.3100000023841858,0.2750000059604645
16,2,40,0.30000001192092896,0.2750000059604645
16,2,41,0.28999999165534973,0.2750000059604645
16,2,42,0.2849999964237213,0.2750000059604645
16,2,43,0.2849999964237213,0.26499998569488525
16,2,44,0.2800000011920929,0.26499998569488525
16,2,45,0.2800000011920929,0.25999999046325684
16,2,46,0.2849999964237213,0.25999999046325684
16,2,47,0.2800000011920929,0.2549999952316284
16,2,48,0.2750000059604645,0.2549999952316284
16,2,49,0.26499998569488525,0.24500000476837158
16,2,50,0.26499998569488525,0.24500000476837158
16,2,51,0.25999999046325684,0.23999999463558197
16,2,52,0.25999999046325684,0.23999999463558197
16,2,53,0.25999999046325684,0.23999999463558197
16,2,54,0.25999999046325684,0.23999999463558197
16,2,55,0.25999999046325684,0.23000000417232513
16,2,56,0.25999999046325684,0.23000000417232513
16,2,57,0.2549999952316284,0.22499999403953552
16,2,58,0.25,0.22499999403953552
16,2,59,0.24500000476837158,0.2199999988079071
16,2,60,0.24500000476837158,0.22499999403953552
16,2,61,0.23999999463558197,0.22499999403953552
16,2,62,0.23999999463558197,0.2199999988079071
16,2,63,0.23999999463558197,0.2199999988079071
16,2,64,0.23999999463558197,0.2199999988079071
16,2,65,0.23999999463558197,0.2150000035762787
16,2,66,0.23999999463558197,0.20999999344348907
16,2,67,0.23999999463558197,0.2150000035762787
16,2,68,0.23999999463558197,0.2150000035762787
16,2,69,0.23499999940395355,0.2150000035762787
16,2,70,0.23499999940395355,0.2150000035762787
16,2,71,0.23499999940395355,0.2150000035762787
16,2,72,0.23499999940395355,0.2150000035762787
16,2,73,0.23000000417232513,0.2150000035762787
16,2,74,0.23000000417232513,0.2150000035762787
16,2,75,0.23000000417232513,0.2199999988079071
16,2,76,0.22499999403953552,0.2150000035762787
16,2,77,0.23000000417232513,0.20999999344348907
16,2,78,0.23000000417232513,0.20999999344348907
16,2,79,0.23000000417232513,0.2150000035762787
16,2,80,0.23000000417232513,0.20999999344348907
16,2,81,0.22499999403953552,0.20999999344348907
16,2,82,0.22499999403953552,0.20999999344348907
16,2,83,0.22499999403953552,0.20999999344348907
16,2,84,0.22499999403953552,0.2150000035762787
16,2,85,0.2199999988079071,0.2150000035762787
16,2,86,0.20999999344348907,0.2150000035762787
16,2,87,0.20999999344348907,0.2150000035762787
16,2,88,0.20999999344348907,0.2150000035762787
16,2,89,0.20999999344348907,0.2150000035762787
16,2,90,0.20000000298023224,0.2150000035762787
16,2,91,0.20000000298023224,0.2150000035762787
16,2,92,0.19499999284744263,0.20499999821186066
16,2,93,0.19499999284744263,0.20499999821186066
16,2,94,0.1899999976158142,0.20999999344348907
16,2,95,0.1899999976158142,0.20999999344348907
16,2,96,0.1899999976158142,0.20999999344348907
16,2,97,0.18000000715255737,0.20999999344348907
16,2,98,0.17499999701976776,0.2150000035762787
16,2,99,0.17499999701976776,0.2150000035762787
16,2,100,0.17499999701976776,0.2199999988079071
16,2,101,0.17499999701976776,0.2199999988079071
16,2,102,0.17000000178813934,0.22499999403953552
16,2,103,0.16500000655651093,0.22499999403953552
16,2,104,0.16500000655651093,0.2199999988079071
16,2,105,0.16500000655651093,0.22499999403953552
16,2,106,0.16500000655651093,0.23000000417232513
16,2,107,0.16500000655651093,0.23000000417232513
16,2,108,0.1599999964237213,0.23000000417232513
16,2,109,0.1599999964237213,0.23000000417232513
16,2,110,0.1599999964237213,0.23000000417232513
16,2,111,0.1550000011920929,0.22499999403953552
16,2,112,0.15000000596046448,0.23000000417232513
16,2,113,0.15000000596046448,0.23000000417232513
16,2,114,0.15000000596046448,0.23000000417232513
16,2,115,0.14499999582767487,0.23000000417232513
16,2,116,0.14499999582767487,0.23000000417232513
16,2,117,0.14499999582767487,0.23000000417232513
16,2,118,0.14000000059604645,0.23000000417232513
16,2,119,0.14000000059604645,0.23000000417232513
16,2,120,0.13500000536441803,0.23499999940395355
16,2,121,0.12999999523162842,0.23499999940395355
16,2,122,0.12999999523162842,0.23999999463558197
16,2,123,0.12999999523162842,0.23499999940395355
16,2,124,0.12999999523162842,0.23499999940395355
16,2,125,0.12999999523162842,0.23499999940395355
16,2,126,0.12999999523162842,0.23499999940395355
16,2,127,0.12999999523162842,0.23499999940395355
16,2,128,0.12999999523162842,0.23499999940395355
16,2,129,0.12999999523162842,0.23499999940395355
16,2,130,0.12999999523162842,0.23499999940395355
16,2,131,0.12999999523162842,0.23499999940395355
16,2,132,0.12999999523162842,0.23499999940395355
16,2,133,0.13500000536441803,0.23999999463558197
16,2,134,0.13500000536441803,0.23999999463558197
16,2,135,0.13500000536441803,0.23999999463558197
16,2,136,0.12999999523162842,0.23999999463558197
16,2,137,0.12999999523162842,0.23999999463558197
16,2,138,0.125,0.23999999463558197
16,2,139,0.125,0.23999999463558197
16,2,140,0.125,0.23999999463558197
16,2,141,0.125,0.23999999463558197
16,2,142,0.125,0.24500000476837158
16,2,143,0.125,0.24500000476837158
16,2,144,0.125,0.24500000476837158
16,2,145,0.125,0.24500000476837158
16,2,146,0.125,0.24500000476837158
16,2,147,0.125,0.24500000476837158
16,2,148,0.125,0.2549999952316284
16,2,149,0.125,0.2549999952316284
16,2,150,0.11999999731779099,0.2549999952316284
16,2,151,0.11500000208616257,0.25
16,2,152,0.11500000208616257,0.25
16,2,153,0.11500000208616257,0.2549999952316284
16,2,154,0.11500000208616257,0.25999999046325684
16,2,155,0.11500000208616257,0.25999999046325684
16,2,156,0.11500000208616257,0.25999999046325684
16,2,157,0.11500000208616257,0.26499998569488525
16,2,158,0.11500000208616257,0.26499998569488525
16,2,159,0.11500000208616257,0.26499998569488525
16,2,160,0.11500000208616257,0.26499998569488525
16,2,161,0.10999999940395355,0.25999999046325684
16,2,162,0.10999999940395355,0.25999999046325684
16,2,163,0.10999999940395355,0.2549999952316284
16,2,164,0.10999999940395355,0.2549999952316284
16,2,165,0.10999999940395355,0.2549999952316284
16,2,166,0.10999999940395355,0.2549999952316284
16,2,167,0.10999999940395355,0.2549999952316284
16,2,168,0.10999999940395355,0.2549999952316284
16,2,169,0.10499999672174454,0.2549999952316284
16,2,170,0.10000000149011612,0.2549999952316284
16,2,171,0.10000000149011612,0.25
16,2,172,0.10000000149011612,0.25
16,2,173,0.10000000149011612,0.25
16,2,174,0.10000000149011612,0.25
16,2,175,0.10000000149011612,0.25
16,2,176,0.10000000149011612,0.2549999952316284
16,2,177,0.10000000149011612,0.2549999952316284
16,2,178,0.10000000149011612,0.2549999952316284
16,2,179,0.10000000149011612,0.2549999952316284
16,2,180,0.10000000149011612,0.2549999952316284
16,2,181,0.10000000149011612,0.2549999952316284
16,2,182,0.10000000149011612,0.25999999046325684
16,2,183,0.10000000149011612,0.25999999046325684
16,2,184,0.10000000149011612,0.2549999952316284
16,2,185,0.10000000149011612,0.25999999046325684
16,2,186,0.10000000149011612,0.25999999046325684
16,2,187,0.10000000149011612,0.25999999046325684
16,2,188,0.10000000149011612,0.25999999046325684
16,2,189,0.10000000149011612,0.26499998569488525
16,2,190,0.10000000149011612,0.25999999046325684
16,2,191,0.10000000149011612,0.25999999046325684
16,2,192,0.10000000149011612,0.25999999046325684
16,2,193,0.0949999988079071,0.25999999046325684
16,2,194,0.0949999988079071,0.25999999046325684
16,2,195,0.0949999988079071,0.25999999046325684
16,2,196,0.0949999988079071,0.25999999046325684
16,2,197,0.0949999988079071,0.26499998569488525
16,2,198,0.0949999988079071,0.26499998569488525
16,2,199,0.0949999988079071,0.27000001072883606
32,2,0,0.5450000166893005,0.5249999761581421
32,2,1,0.5400000214576721,0.5299999713897705
32,2,2,0.5400000214576721,0.5400000214576721
32,2,3,0.5249999761581421,0.5450000166893005
32,2,4,0.5099999904632568,0.5550000071525574
32,2,5,0.5099999904632568,0.5550000071525574
32,2,6,0.5,0.5550000071525574
32,2,7,0.5049999952316284,0.5450000166893005
32,2,8,0.5049999952316284,0.5400000214576721
32,2,9,0.5,0.5249999761581421
32,2,10,0.4699999988079071,0.5099999904632568
32,2,11,0.46000000834465027,0.49000000953674316
32,2,12,0.45500001311302185,0.48500001430511475
32,2,13,0.46000000834465027,0.48500001430511475
32,2,14,0.4449999928474426,0.45500001311302185
32,2,15,0.4099999964237213,0.44999998807907104
32,2,16,0.4000000059604645,0.4300000071525574
32,2,17,0.36000001430511475,0.4000000059604645
32,2,18,0.35499998927116394,0.4000000059604645
32,2,19,0.3400000035762787,0.4050000011920929
32,2,20,0.3149999976158142,0.39500001072883606
32,2,21,0.3100000023841858,0.38499999046325684
32,2,22,0.30000001192092896,0.3799999952316284
32,2,23,0.29499998688697815,0.3700000047683716
32,2,24,0.2849999964237213,0.375
32,2,25,0.2800000011920929,0.36000001430511475
32,2,26,0.26499998569488525,0.36500000953674316
32,2,27,0.25999999046325684,0.3449999988079071
32,2,28,0.2549999952316284,0.3449999988079071
32,2,29,0.25,0.3400000035762787
32,2,30,0.24500000476837158,0.33000001311302185
32,2,31,0.23999999463558197,0.33000001311302185
32,2,32,0.23999999463558197,0.33000001311302185
32,2,33,0.23999999463558197,0.32499998807907104
32,2,34,0.22499999403953552,0.3199999928474426
32,2,35,0.2199999988079071,0.32499998807907104
32,2,36,0.2150000035762787,0.32499998807907104
32,2,37,0.20000000298023224,0.3100000023841858
32,2,38,0.20000000298023224,0.3100000023841858
32,2,39,0.19499999284744263,0.3149999976158142
32,2,40,0.20000000298023224,0.3100000023841858
32,2,41,0.20499999821186066,0.3100000023841858
32,2,42,0.20999999344348907,0.3050000071525574
32,2,43,0.20499999821186066,0.29499998688697815
32,2,44,0.20000000298023224,0.2849999964237213
32,2,45,0.20000000298023224,0.27000001072883606
32,2,46,0.19499999284744263,0.27000001072883606
32,2,47,0.1850000023841858,0.2800000011920929
32,2,48,0.1850000023841858,0.2750000059604645
32,2,49,0.19499999284744263,0.2750000059604645
32,2,50,0.19499999284744263,0.26499998569488525
32,2,51,0.19499999284744263,0.26499998569488525
32,2,52,0.19499999284744263,0.26499998569488525
32,2,53,0.19499999284744263,0.2549999952316284
32,2,54,0.1899999976158142,0.2549999952316284
32,2,55,0.1899999976158142,0.2549999952316284
32,2,56,0.1899999976158142,0.2549999952316284
32,2,57,0.1850000023841858,0.25
32,2,58,0.1850000023841858,0.24500000476837158
32,2,59,0.1850000023841858,0.23999999463558197
32,2,60,0.1850000023841858,0.23499999940395355
32,2,61,0.1850000023841858,0.23499999940395355
32,2,62,0.1899999976158142,0.23499999940395355
32,2,63,0.1850000023841858,0.23499999940395355
32,2,64,0.1850000023841858,0.23499999940395355
32,2,65,0.18000000715255737,0.23000000417232513
32,2,66,0.18000000715255737,0.23000000417232513
32,2,67,0.18000000715255737,0.23499999940395355
32,2,68,0.18000000715255737,0.23000000417232513
32,2,69,0.18000000715255737,0.23000000417232513
32,2,70,0.18000000715255737,0.23499999940395355
32,2,71,0.17499999701976776,0.23499999940395355
32,2,72,0.17000000178813934,0.23999999463558197
32,2,73,0.16500000655651093,0.24500000476837158
32,2,74,0.16500000655651093,0.24500000476837158
32,2,75,0.16500000655651093,0.23999999463558197
32,2,76,0.16500000655651093,0.23999999463558197
32,2,77,0.16500000655651093,0.23999999463558197
32,2,78,0.1599999964237213,0.23999999463558197
32,2,79,0.1550000011920929,0.23499999940395355
32,2,80,0.15000000596046448,0.23000000417232513
32,2,81,0.15000000596046448,0.23000000417232513
32,2,82,0.15000000596046448,0.22499999403953552
32,2,83,0.15000000596046448,0.2199999988079071
32,2,84,0.15000000596046448,0.2199999988079071
32,2,85,0.15000000596046448,0.2199999988079071
32,2,86,0.15000000596046448,0.2199999988079071
32,2,87,0.14499999582767487,0.2199999988079071
32,2,88,0.14499999582767487,0.2199999988079071
32,2,89,0.14499999582767487,0.22499999403953552
32,2,90,0.14499999582767487,0.23000000417232513
32,2,91,0.14499999582767487,0.23499999940395355
32,2,92,0.14499999582767487,0.23499999940395355
32,2,93,0.13500000536441803,0.23499999940395355
32,2,94,0.13500000536441803,0.22499999403953552
32,2,95,0.13500000536441803,0.22499999403953552
32,2,96,0.13500000536441803,0.22499999403953552
32,2,97,0.13500000536441803,0.22499999403953552
32,2,98,0.13500000536441803,0.22499999403953552
32,2,99,0.13500000536441803,0.23000000417232513
32,2,100,0.13500000536441803,0.23000000417232513
32,2,101,0.13500000536441803,0.23000000417232513
32,2,102,0.12999999523162842,0.23000000417232513
32,2,103,0.12999999523162842,0.23000000417232513
32,2,104,0.12999999523162842,0.23000000417232513
32,2,105,0.12999999523162842,0.22499999403953552
32,2,106,0.12999999523162842,0.22499999403953552
32,2,107,0.12999999523162842,0.22499999403953552
32,2,108,0.12999999523162842,0.22499999403953552
32,2,109,0.12999999523162842,0.22499999403953552
32,2,110,0.12999999523162842,0.22499999403953552
32,2,111,0.12999999523162842,0.22499999403953552
32,2,112,0.12999999523162842,0.22499999403953552
32,2,113,0.12999999523162842,0.22499999403953552
32,2,114,0.13500000536441803,0.23000000417232513
32,2,115,0.13500000536441803,0.23000000417232513
32,2,116,0.13500000536441803,0.23000000417232513
32,2,117,0.13500000536441803,0.23000000417232513
32,2,118,0.13500000536441803,0.23499999940395355
32,2,119,0.13500000536441803,0.23499999940395355
32,2,120,0.125,0.23499999940395355
32,2,121,0.125,0.23499999940395355
32,2,122,0.11999999731779099,0.23499999940395355
32,2,123,0.11999999731779099,0.23999999463558197
32,2,124,0.11999999731779099,0.23999999463558197
32,2,125,0.11999999731779099,0.23999999463558197
32,2,126,0.11999999731779099,0.23999999463558197
32,2,127,0.10999999940395355,0.23999999463558197
32,2,128,0.10999999940395355,0.23499999940395355
32,2,129,0.10999999940395355,0.23499999940395355
32,2,130,0.10999999940395355,0.23499999940395355
32,2,131,0.10499999672174454,0.23499999940395355
32,2,132,0.10499999672174454,0.23499999940395355
32,2,133,0.10499999672174454,0.23499999940395355
32,2,134,0.10499999672174454,0.23499999940395355
32,2,135,0.10499999672174454,0.23499999940395355
32,2,136,0.10499999672174454,0.23499999940395355
32,2,137,0.10499999672174454,0.23999999463558197
32,2,138,0.10499999672174454,0.23999999463558197
32,2,139,0.10499999672174454,0.23999999463558197
32,2,140,0.10499999672174454,0.23999999463558197
32,2,141,0.10499999672174454,0.23999999463558197
32,2,142,0.10499999672174454,0.23999999463558197
32,2,143,0.10499999672174454,0.23999999463558197
32,2,144,0.10000000149011612,0.23999999463558197
32,2,145,0.10000000149011612,0.23999999463558197
32,2,146,0.10000000149011612,0.23999999463558197
32,2,147,0.10000000149011612,0.23999999463558197
32,2,148,0.10000000149011612,0.23499999940395355
32,2,149,0.10000000149011612,0.23499999940395355
32,2,150,0.10000000149011612,0.23499999940395355
32,2,151,0.0949999988079071,0.23499999940395355
32,2,152,0.0949999988079071,0.23499999940395355
32,2,153,0.0949999988079071,0.23499999940395355
32,2,154,0.0949999988079071,0.23499999940395355
32,2,155,0.0949999988079071,0.23999999463558197
32,2,156,0.0949999988079071,0.23999999463558197
32,2,157,0.0949999988079071,0.23999999463558197
32,2,158,0.09000000357627869,0.23999999463558197
32,2,159,0.09000000357627869,0.23999999463558197
32,2,160,0.08500000089406967,0.23999999463558197
32,2,161,0.08500000089406967,0.24500000476837158
32,2,162,0.07999999821186066,0.24500000476837158
32,2,163,0.07999999821186066,0.24500000476837158
32,2,164,0.07000000029802322,0.24500000476837158
32,2,165,0.07000000029802322,0.24500000476837158
32,2,166,0.07000000029802322,0.24500000476837158
32,2,167,0.07000000029802322,0.24500000476837158
32,2,168,0.07000000029802322,0.23999999463558197
32,2,169,0.07000000029802322,0.23999999463558197
32,2,170,0.07000000029802322,0.23999999463558197
32,2,171,0.07000000029802322,0.23999999463558197
32,2,172,0.06499999761581421,0.23999999463558197
32,2,173,0.06499999761581421,0.24500000476837158
32,2,174,0.06499999761581421,0.24500000476837158
32,2,175,0.06499999761581421,0.24500000476837158
32,2,176,0.06499999761581421,0.24500000476837158
32,2,177,0.06499999761581421,0.24500000476837158
32,2,178,0.06499999761581421,0.24500000476837158
32,2,179,0.06499999761581421,0.24500000476837158
32,2,180,0.06499999761581421,0.23999999463558197
32,2,181,0.06499999761581421,0.23999999463558197
32,2,182,0.06499999761581421,0.24500000476837158
32,2,183,0.06499999761581421,0.24500000476837158
32,2,184,0.06499999761581421,0.25
32,2,185,0.06499999761581421,0.25
32,2,186,0.06499999761581421,0.25
32,2,187,0.06499999761581421,0.25
32,2,188,0.05999999865889549,0.25
32,2,189,0.05999999865889549,0.25
32,2,190,0.05999999865889549,0.24500000476837158
32,2,191,0.05999999865889549,0.24500000476837158
32,2,192,0.05999999865889549,0.25
32,2,193,0.05999999865889549,0.25
32,2,194,0.05999999865889549,0.2549999952316284
32,2,195,0.054999999701976776,0.2549999952316284
32,2,196,0.054999999701976776,0.2549999952316284
32,2,197,0.054999999701976776,0.2549999952316284
32,2,198,0.05000000074505806,0.2549999952316284
32,2,199,0.05000000074505806,0.25
64,2,0,0.4350000023841858,0.4650000035762787
64,2,1,0.41999998688697815,0.42500001192092896
64,2,2,0.42500001192092896,0.4099999964237213
64,2,3,0.4000000059604645,0.4000000059604645
64,2,4,0.39500001072883606,0.39500001072883606
64,2,5,0.36000001430511475,0.3700000047683716
64,2,6,0.33500000834465027,0.36500000953674316
64,2,7,0.3149999976158142,0.3449999988079071
64,2,8,0.30000001192092896,0.33500000834465027
64,2,9,0.2849999964237213,0.33500000834465027
64,2,10,0.2750000059604645,0.33500000834465027
64,2,11,0.27000001072883606,0.32499998807907104
64,2,12,0.26499998569488525,0.32499998807907104
64,2,13,0.2549999952316284,0.3149999976158142
64,2,14,0.24500000476837158,0.3100000023841858
64,2,15,0.24500000476837158,0.3100000023841858
64,2,16,0.22499999403953552,0.30000001192092896
64,2,17,0.2199999988079071,0.3050000071525574
64,2,18,0.2199999988079071,0.3050000071525574
64,2,19,0.20999999344348907,0.29499998688697815
64,2,20,0.20999999344348907,0.2849999964237213
64,2,21,0.20999999344348907,0.2800000011920929
64,2,22,0.1899999976158142,0.2800000011920929
64,2,23,0.20000000298023224,0.26499998569488525
64,2,24,0.1850000023841858,0.26499998569488525
64,2,25,0.18000000715255737,0.26499998569488525
64,2,26,0.17499999701976776,0.25999999046325684
64,2,27,0.18000000715255737,0.2549999952316284
64,2,28,0.18000000715255737,0.23499999940395355
64,2,29,0.18000000715255737,0.23499999940395355
64,2,30,0.18000000715255737,0.23499999940395355
64,2,31,0.18000000715255737,0.23499999940395355
64,2,32,0.17499999701976776,0.23499999940395355
64,2,33,0.17499999701976776,0.23499999940395355
64,2,34,0.17000000178813934,0.23499999940395355
64,2,35,0.17000000178813934,0.23999999463558197
64,2,36,0.17000000178813934,0.23999999463558197
64,2,37,0.17000000178813934,0.23999999463558197
64,2,38,0.16500000655651093,0.23999999463558197
64,2,39,0.16500000655651093,0.23499999940395355
64,2,40,0.16500000655651093,0.23499999940395355
64,2,41,0.16500000655651093,0.23999999463558197
64,2,42,0.1599999964237213,0.23000000417232513
64,2,43,0.1599999964237213,0.22499999403953552
64,2,44,0.1599999964237213,0.2199999988079071
64,2,45,0.1550000011920929,0.2150000035762787
64,2,46,0.1550000011920929,0.2150000035762787
64,2,47,0.1550000011920929,0.2150000035762787
64,2,48,0.1550000011920929,0.2150000035762787
64,2,49,0.1550000011920929,0.2150000035762787
64,2,50,0.1599999964237213,0.2150000035762787
64,2,51,0.1550000011920929,0.2150000035762787
64,2,52,0.1550000011920929,0.2199999988079071
64,2,53,0.1550000011920929,0.2199999988079071
64,2,54,0.1550000011920929,0.2199999988079071
64,2,55,0.1550000011920929,0.22499999403953552
64,2,56,0.1550000011920929,0.22499999403953552
64,2,57,0.15000000596046448,0.23499999940395355
64,2,58,0.14499999582767487,0.23499999940395355
64,2,59,0.14499999582767487,0.23499999940395355
64,2,60,0.14499999582767487,0.23499999940395355
64,2,61,0.14000000059604645,0.23999999463558197
64,2,62,0.14000000059604645,0.23999999463558197
64,2,63,0.14000000059604645,0.23999999463558197
64,2,64,0.14000000059604645,0.23999999463558197
64,2,65,0.14000000059604645,0.24500000476837158
64,2,66,0.14000000059604645,0.24500000476837158
64,2,67,0.13500000536441803,0.24500000476837158
64,2,68,0.13500000536441803,0.24500000476837158
64,2,69,0.13500000536441803,0.24500000476837158
64,2,70,0.12999999523162842,0.24500000476837158
64,2,71,0.12999999523162842,0.24500000476837158
64,2,72,0.12999999523162842,0.23999999463558197
64,2,73,0.12999999523162842,0.23499999940395355
64,2,74,0.12999999523162842,0.23499999940395355
64,2,75,0.12999999523162842,0.23000000417232513
64,2,76,0.12999999523162842,0.23000000417232513
64,2,77,0.12999999523162842,0.23000000417232513
64,2,78,0.12999999523162842,0.23000000417232513
64,2,79,0.12999999523162842,0.23000000417232513
64,2,80,0.12999999523162842,0.23000000417232513
64,2,81,0.125,0.23000000417232513
64,2,82,0.125,0.23000000417232513
64,2,83,0.125,0.23499999940395355
64,2,84,0.125,0.23999999463558197
64,2,85,0.125,0.24500000476837158
64,2,86,0.11500000208616257,0.24500000476837158
64,2,87,0.11500000208616257,0.24500000476837158
64,2,88,0.11500000208616257,0.23999999463558197
64,2,89,0.11500000208616257,0.24500000476837158
64,2,90,0.10999999940395355,0.24500000476837158
64,2,91,0.10999999940395355,0.24500000476837158
64,2,92,0.10999999940395355,0.24500000476837158
64,2,93,0.10999999940395355,0.24500000476837158
64,2,94,0.10999999940395355,0.25
64,2,95,0.10999999940395355,0.25
64,2,96,0.10999999940395355,0.25
64,2,97,0.10999999940395355,0.25
64,2,98,0.10999999940395355,0.25
64,2,99,0.10999999940395355,0.25
64,2,100,0.10999999940395355,0.25
64,2,101,0.10999999940395355,0.25
64,2,102,0.10499999672174454,0.25
64,2,103,0.10499999672174454,0.25
64,2,104,0.0949999988079071,0.2549999952316284
64,2,105,0.0949999988079071,0.2549999952316284
64,2,106,0.0949999988079071,0.2549999952316284
64,2,107,0.0949999988079071,0.2549999952316284
64,2,108,0.09000000357627869,0.2549999952316284
64,2,109,0.09000000357627869,0.25999999046325684
64,2,110,0.09000000357627869,0.25999999046325684
64,2,111,0.09000000357627869,0.25999999046325684
64,2,112,0.08500000089406967,0.25999999046325684
64,2,113,0.08500000089406967,0.25999999046325684
64,2,114,0.08500000089406967,0.25999999046325684
64,2,115,0.07999999821186066,0.25999999046325684
64,2,116,0.07999999821186066,0.2549999952316284
64,2,117,0.07500000298023224,0.2549999952316284
64,2,118,0.07000000029802322,0.2549999952316284
64,2,119,0.06499999761581421,0.2549999952316284
64,2,120,0.06499999761581421,0.2549999952316284
64,2,121,0.06499999761581421,0.2549999952316284
64,2,122,0.05999999865889549,0.2549999952316284
64,2,123,0.04500000178813934,0.2549999952316284
64,2,124,0.04500000178813934,0.2549999952316284
64,2,125,0.04500000178813934,0.2549999952316284
64,2,126,0.04500000178813934,0.2549999952316284
64,2,127,0.04500000178813934,0.2549999952316284
64,2,128,0.04500000178813934,0.2549999952316284
64,2,129,0.04500000178813934,0.25
64,2,130,0.03999999910593033,0.25
64,2,131,0.03999999910593033,0.25999999046325684
64,2,132,0.03999999910593033,0.25999999046325684
64,2,133,0.03999999910593033,0.25999999046325684
64,2,134,0.03500000014901161,0.26499998569488525
64,2,135,0.03500000014901161,0.27000001072883606
64,2,136,0.03500000014901161,0.27000001072883606
64,2,137,0.03500000014901161,0.27000001072883606
64,2,138,0.03500000014901161,0.27000001072883606
64,2,139,0.03500000014901161,0.27000001072883606
64,2,140,0.03500000014901161,0.27000001072883606
64,2,141,0.03500000014901161,0.27000001072883606
64,2,142,0.029999999329447746,0.27000001072883606
64,2,143,0.02500000037252903,0.26499998569488525
64,2,144,0.02500000037252903,0.2549999952316284
64,2,145,0.02500000037252903,0.2549999952316284
64,2,146,0.02500000037252903,0.2549999952316284
64,2,147,0.02500000037252903,0.2549999952316284
64,2,148,0.02500000037252903,0.2549999952316284
64,2,149,0.02500000037252903,0.2549999952316284
64,2,150,0.02500000037252903,0.2549999952316284
64,2,151,0.02500000037252903,0.25999999046325684
64,2,152,0.02500000037252903,0.25999999046325684
64,2,153,0.02500000037252903,0.25999999046325684
64,2,154,0.019999999552965164,0.25999999046325684
64,2,155,0.014999999664723873,0.25999999046325684
64,2,156,0.009999999776482582,0.25999999046325684
64,2,157,0.009999999776482582,0.25999999046325684
64,2,158,0.009999999776482582,0.25999999046325684
64,2,159,0.009999999776482582,0.25999999046325684
64,2,160,0.009999999776482582,0.25999999046325684
64,2,161,0.009999999776482582,0.25999999046325684
64,2,162,0.009999999776482582,0.25999999046325684
64,2,163,0.009999999776482582,0.25999999046325684
64,2,164,0.009999999776482582,0.25999999046325684
64,2,165,0.009999999776482582,0.26499998569488525
64,2,166,0.009999999776482582,0.27000001072883606
64,2,167,0.009999999776482582,0.27000001072883606
64,2,168,0.009999999776482582,0.27000001072883606
64,2,169,0.009999999776482582,0.27000001072883606
64,2,170,0.009999999776482582,0.27000001072883606
64,2,171,0.009999999776482582,0.27000001072883606
64,2,172,0.009999999776482582,0.27000001072883606
64,2,173,0.009999999776482582,0.27000001072883606
64,2,174,0.009999999776482582,0.27000001072883606
64,2,175,0.009999999776482582,0.27000001072883606
64,2,176,0.009999999776482582,0.27000001072883606
64,2,177,0.009999999776482582,0.27000001072883606
64,2,178,0.009999999776482582,0.27000001072883606
64,2,179,0.009999999776482582,0.27000001072883606
64,2,180,0.009999999776482582,0.27000001072883606
64,2,181,0.009999999776482582,0.27000001072883606
64,2,182,0.009999999776482582,0.27000001072883606
64,2,183,0.009999999776482582,0.27000001072883606
64,2,184,0.009999999776482582,0.2750000059604645
64,2,185,0.009999999776482582,0.2750000059604645
64,2,186,0.009999999776482582,0.2750000059604645
64,2,187,0.009999999776482582,0.2750000059604645
64,2,188,0.009999999776482582,0.2750000059604645
64,2,189,0.009999999776482582,0.2750000059604645
64,2,190,0.009999999776482582,0.2750000059604645
64,2,191,0.009999999776482582,0.2750000059604645
64,2,192,0.009999999776482582,0.2750000059604645
64,2,193,0.009999999776482582,0.2750000059604645
64,2,194,0.009999999776482582,0.2750000059604645
64,2,195,0.009999999776482582,0.2750000059604645
64,2,196,0.009999999776482582,0.2750000059604645
64,2,197,0.009999999776482582,0.2750000059604645
64,2,198,0.009999999776482582,0.2750000059604645
64,2,199,0.009999999776482582,0.2750000059604645
128,2,0,0.48500001430511475,0.46000000834465027
128,2,1,0.41499999165534973,0.4350000023841858
128,2,2,0.38999998569488525,0.38999998569488525
128,2,3,0.35499998927116394,0.36500000953674316
128,2,4,0.3149999976158142,0.375
128,2,5,0.2849999964237213,0.33000001311302185
128,2,6,0.23999999463558197,0.33000001311302185
128,2,7,0.23000000417232513,0.30000001192092896
128,2,8,0.22499999403953552,0.28999999165534973
128,2,9,0.22499999403953552,0.2750000059604645
128,2,10,0.2199999988079071,0.2549999952316284
128,2,11,0.2150000035762787,0.24500000476837158
128,2,12,0.2150000035762787,0.23499999940395355
128,2,13,0.2150000035762787,0.23999999463558197
128,2,14,0.20999999344348907,0.23999999463558197
128,2,15,0.20999999344348907,0.24500000476837158
128,2,16,0.20999999344348907,0.23999999463558197
128,2,17,0.20999999344348907,0.23499999940395355
128,2,18,0.20999999344348907,0.23499999940395355
128,2,19,0.20999999344348907,0.23999999463558197
128,2,20,0.20999999344348907,0.23499999940395355
128,2,21,0.19499999284744263,0.23000000417232513
128,2,22,0.19499999284744263,0.22499999403953552
128,2,23,0.1899999976158142,0.22499999403953552
128,2,24,0.1899999976158142,0.22499999403953552
128,2,25,0.1850000023841858,0.2150000035762787
128,2,26,0.1850000023841858,0.2150000035762787
128,2,27,0.17000000178813934,0.20999999344348907
128,2,28,0.17000000178813934,0.20999999344348907
128,2,29,0.17000000178813934,0.20999999344348907
128,2,30,0.17000000178813934,0.2150000035762787
128,2,31,0.17000000178813934,0.2150000035762787
128,2,32,0.1550000011920929,0.2199999988079071
128,2,33,0.1550000011920929,0.2199999988079071
128,2,34,0.15000000596046448,0.2199999988079071
128,2,35,0.15000000596046448,0.2150000035762787
128,2,36,0.15000000596046448,0.2150000035762787
128,2,37,0.15000000596046448,0.20999999344348907
128,2,38,0.15000000596046448,0.20499999821186066
128,2,39,0.15000000596046448,0.20000000298023224
128,2,40,0.15000000596046448,0.20000000298023224
128,2,41,0.15000000596046448,0.20499999821186066
128,2,42,0.14499999582767487,0.20999999344348907
128,2,43,0.14000000059604645,0.20999999344348907
128,2,44,0.13500000536441803,0.20999999344348907
128,2,45,0.13500000536441803,0.20999999344348907
128,2,46,0.13500000536441803,0.2150000035762787
128,2,47,0.13500000536441803,0.2150000035762787
128,2,48,0.12999999523162842,0.2150000035762787
128,2,49,0.125,0.2150000035762787
128,2,50,0.125,0.2150000035762787
128,2,51,0.11999999731779099,0.20999999344348907
128,2,52,0.11999999731779099,0.2150000035762787
128,2,53,0.11999999731779099,0.2199999988079071
128,2,54,0.11999999731779099,0.2199999988079071
128,2,55,0.11999999731779099,0.2199999988079071
128,2,56,0.11999999731779099,0.2199999988079071
128,2,57,0.11999999731779099,0.22499999403953552
128,2,58,0.11999999731779099,0.22499999403953552
128,2,59,0.10999999940395355,0.22499999403953552
128,2,60,0.10499999672174454,0.22499999403953552
128,2,61,0.10499999672174454,0.23000000417232513
128,2,62,0.10000000149011612,0.23000000417232513
128,2,63,0.0949999988079071,0.23499999940395355
128,2,64,0.0949999988079071,0.23499999940395355
128,2,65,0.08500000089406967,0.23499999940395355
128,2,66,0.08500000089406967,0.23000000417232513
128,2,67,0.08500000089406967,0.23000000417232513
128,2,68,0.08500000089406967,0.23000000417232513
128,2,69,0.08500000089406967,0.22499999403953552
128,2,70,0.08500000089406967,0.22499999403953552
128,2,71,0.07999999821186066,0.22499999403953552
128,2,72,0.07999999821186066,0.22499999403953552
128,2,73,0.07999999821186066,0.22499999403953552
128,2,74,0.07999999821186066,0.23000000417232513
128,2,75,0.07999999821186066,0.23499999940395355
128,2,76,0.07999999821186066,0.23499999940395355
128,2,77,0.07999999821186066,0.23499999940395355
128,2,78,0.07999999821186066,0.23499999940395355
128,2,79,0.07999999821186066,0.23499999940395355
128,2,80,0.07999999821186066,0.23499999940395355
128,2,81,0.07999999821186066,0.23499999940395355
128,2,82,0.07999999821186066,0.23000000417232513
128,2,83,0.07999999821186066,0.23000000417232513
128,2,84,0.07999999821186066,0.23000000417232513
128,2,85,0.07999999821186066,0.23000000417232513
128,2,86,0.07999999821186066,0.23000000417232513
128,2,87,0.07500000298023224,0.23000000417232513
128,2,88,0.07000000029802322,0.23999999463558197
128,2,89,0.06499999761581421,0.23999999463558197
128,2,90,0.06499999761581421,0.23499999940395355
128,2,91,0.06499999761581421,0.23499999940395355
128,2,92,0.06499999761581421,0.23499999940395355
128,2,93,0.06499999761581421,0.23499999940395355
128,2,94,0.05999999865889549,0.23499999940395355
128,2,95,0.05000000074505806,0.23499999940395355
128,2,96,0.05000000074505806,0.23499999940395355
128,2,97,0.05000000074505806,0.23999999463558197
128,2,98,0.05000000074505806,0.23999999463558197
128,2,99,0.05000000074505806,0.23999999463558197
128,2,100,0.05000000074505806,0.24500000476837158
128,2,101,0.05000000074505806,0.25
128,2,102,0.05000000074505806,0.25
128,2,103,0.04500000178813934,0.25
128,2,104,0.03999999910593033,0.25
128,2,105,0.03999999910593033,0.25
128,2,106,0.03999999910593033,0.25
128,2,107,0.03500000014901161,0.25
128,2,108,0.03500000014901161,0.25
128,2,109,0.03500000014901161,0.25
128,2,110,0.03500000014901161,0.25
128,2,111,0.029999999329447746,0.25
128,2,112,0.029999999329447746,0.25
128,2,113,0.029999999329447746,0.2549999952316284
128,2,114,0.029999999329447746,0.2549999952316284
128,2,115,0.029999999329447746,0.2549999952316284
128,2,116,0.02500000037252903,0.25
128,2,117,0.019999999552965164,0.25
128,2,118,0.019999999552965164,0.25
128,2,119,0.014999999664723873,0.25
128,2,120,0.014999999664723873,0.25
128,2,121,0.014999999664723873,0.25
128,2,122,0.014999999664723873,0.25
128,2,123,0.014999999664723873,0.25
128,2,124,0.014999999664723873,0.25
128,2,125,0.014999999664723873,0.25
128,2,126,0.014999999664723873,0.25
128,2,127,0.014999999664723873,0.25
128,2,128,0.014999999664723873,0.25
128,2,129,0.009999999776482582,0.25
128,2,130,0.009999999776482582,0.25
128,2,131,0.009999999776482582,0.25
128,2,132,0.009999999776482582,0.25
128,2,133,0.009999999776482582,0.25
128,2,134,0.009999999776482582,0.24500000476837158
128,2,135,0.009999999776482582,0.24500000476837158
128,2,136,0.009999999776482582,0.24500000476837158
128,2,137,0.009999999776482582,0.24500000476837158
128,2,138,0.009999999776482582,0.24500000476837158
128,2,139,0.009999999776482582,0.24500000476837158
128,2,140,0.009999999776482582,0.24500000476837158
128,2,141,0.009999999776482582,0.24500000476837158
128,2,142,0.009999999776482582,0.24500000476837158
128,2,143,0.009999999776482582,0.24500000476837158
128,2,144,0.009999999776482582,0.23999999463558197
128,2,145,0.004999999888241291,0.23999999463558197
128,2,146,0.004999999888241291,0.24500000476837158
128,2,147,0.0,0.24500000476837158
128,2,148,0.0,0.24500000476837158
128,2,149,0.0,0.24500000476837158
128,2,150,0.0,0.24500000476837158
128,2,151,0.0,0.24500000476837158
128,2,152,0.0,0.24500000476837158
128,2,153,0.0,0.24500000476837158
128,2,154,0.0,0.24500000476837158
128,2,155,0.0,0.24500000476837158
128,2,156,0.0,0.24500000476837158
128,2,157,0.0,0.24500000476837158
128,2,158,0.0,0.24500000476837158
128,2,159,0.0,0.25
128,2,160,0.0,0.25
128,2,161,0.0,0.25
128,2,162,0.0,0.25
128,2,163,0.0,0.25
128,2,164,0.0,0.25
128,2,165,0.0,0.25
128,2,166,0.0,0.25
128,2,167,0.0,0.25
128,2,168,0.0,0.25
128,2,169,0.0,0.25
128,2,170,0.0,0.25
128,2,171,0.0,0.25
128,2,172,0.0,0.2549999952316284
128,2,173,0.0,0.2549999952316284
128,2,174,0.0,0.2549999952316284
128,2,175,0.0,0.2549999952316284
128,2,176,0.0,0.2549999952316284
128,2,177,0.0,0.2549999952316284
128,2,178,0.0,0.2549999952316284
128,2,179,0.0,0.2549999952316284
128,2,180,0.0,0.2549999952316284
128,2,181,0.0,0.2549999952316284
128,2,182,0.0,0.2549999952316284
128,2,183,0.0,0.2549999952316284
128,2,184,0.0,0.2549999952316284
128,2,185,0.0,0.2549999952316284
128,2,186,0.0,0.2549999952316284
128,2,187,0.0,0.2549999952316284
128,2,188,0.0,0.2549999952316284
128,2,189,0.0,0.2549999952316284
128,2,190,0.0,0.2549999952316284
128,2,191,0.0,0.2549999952316284
128,2,192,0.0,0.2549999952316284
128,2,193,0.0,0.2549999952316284
128,2,194,0.0,0.2549999952316284
128,2,195,0.0,0.2549999952316284
128,2,196,0.0,0.2549999952316284
128,2,197,0.0,0.2549999952316284
128,2,198,0.0,0.2549999952316284
128,2,199,0.0,0.2549999952316284
256,2,0,0.33000001311302185,0.4000000059604645
256,2,1,0.2849999964237213,0.35499998927116394
256,2,2,0.26499998569488525,0.3050000071525574
256,2,3,0.25999999046325684,0.2800000011920929
256,2,4,0.25,0.28999999165534973
256,2,5,0.23499999940395355,0.28999999165534973
256,2,6,0.23000000417232513,0.25999999046325684
256,2,7,0.23000000417232513,0.25
256,2,8,0.2150000035762787,0.23499999940395355
256,2,9,0.20999999344348907,0.23000000417232513
256,2,10,0.20000000298023224,0.22499999403953552
256,2,11,0.19499999284744263,0.22499999403953552
256,2,12,0.20499999821186066,0.2199999988079071
256,2,13,0.19499999284744263,0.2199999988079071
256,2,14,0.19499999284744263,0.2150000035762787
256,2,15,0.1899999976158142,0.19499999284744263
256,2,16,0.1899999976158142,0.19499999284744263
256,2,17,0.19499999284744263,0.20000000298023224
256,2,18,0.1899999976158142,0.20000000298023224
256,2,19,0.1899999976158142,0.19499999284744263
256,2,20,0.18000000715255737,0.20000000298023224
256,2,21,0.18000000715255737,0.20000000298023224
256,2,22,0.18000000715255737,0.1899999976158142
256,2,23,0.1850000023841858,0.18000000715255737
256,2,24,0.18000000715255737,0.18000000715255737
256,2,25,0.17499999701976776,0.18000000715255737
256,2,26,0.17000000178813934,0.1850000023841858
256,2,27,0.16500000655651093,0.18000000715255737
256,2,28,0.1599999964237213,0.1850000023841858
256,2,29,0.1550000011920929,0.20000000298023224
256,2,30,0.15000000596046448,0.20000000298023224
256,2,31,0.14499999582767487,0.20000000298023224
256,2,32,0.14499999582767487,0.20999999344348907
256,2,33,0.13500000536441803,0.20999999344348907
256,2,34,0.13500000536441803,0.20999999344348907
256,2,35,0.11999999731779099,0.20999999344348907
256,2,36,0.125,0.20999999344348907
256,2,37,0.10999999940395355,0.2150000035762787
256,2,38,0.10999999940395355,0.22499999403953552
256,2,39,0.10999999940395355,0.22499999403953552
256,2,40,0.10999999940395355,0.22499999403953552
256,2,41,0.10999999940395355,0.23000000417232513
256,2,42,0.10999999940395355,0.22499999403953552
256,2,43,0.10000000149011612,0.22499999403953552
256,2,44,0.10000000149011612,0.2199999988079071
256,2,45,0.10000000149011612,0.22499999403953552
256,2,46,0.10000000149011612,0.22499999403953552
256,2,47,0.09000000357627869,0.22499999403953552
256,2,48,0.09000000357627869,0.22499999403953552
256,2,49,0.07999999821186066,0.2199999988079071
256,2,50,0.07500000298023224,0.2199999988079071
256,2,51,0.07500000298023224,0.2150000035762787
256,2,52,0.07000000029802322,0.20999999344348907
256,2,53,0.06499999761581421,0.20999999344348907
256,2,54,0.06499999761581421,0.20999999344348907
256,2,55,0.06499999761581421,0.20999999344348907
256,2,56,0.05999999865889549,0.20999999344348907
256,2,57,0.05999999865889549,0.20999999344348907
256,2,58,0.05999999865889549,0.20999999344348907
256,2,59,0.05999999865889549,0.20999999344348907
256,2,60,0.05999999865889549,0.20999999344348907
256,2,61,0.054999999701976776,0.20999999344348907
256,2,62,0.05000000074505806,0.20999999344348907
256,2,63,0.05000000074505806,0.20999999344348907
256,2,64,0.04500000178813934,0.2150000035762787
256,2,65,0.04500000178813934,0.2150000035762787
256,2,66,0.04500000178813934,0.2150000035762787
256,2,67,0.04500000178813934,0.2150000035762787
256,2,68,0.03500000014901161,0.20999999344348907
256,2,69,0.029999999329447746,0.20999999344348907
256,2,70,0.029999999329447746,0.2150000035762787
256,2,71,0.029999999329447746,0.2199999988079071
256,2,72,0.029999999329447746,0.2199999988079071
256,2,73,0.02500000037252903,0.23000000417232513
256,2,74,0.02500000037252903,0.23499999940395355
256,2,75,0.019999999552965164,0.23499999940395355
256,2,76,0.019999999552965164,0.23499999940395355
256,2,77,0.019999999552965164,0.23499999940395355
256,2,78,0.019999999552965164,0.23499999940395355
256,2,79,0.019999999552965164,0.23499999940395355
256,2,80,0.019999999552965164,0.23499999940395355
256,2,81,0.019999999552965164,0.23499999940395355
256,2,82,0.014999999664723873,0.23499999940395355
256,2,83,0.014999999664723873,0.23499999940395355
256,2,84,0.009999999776482582,0.23499999940395355
256,2,85,0.009999999776482582,0.23499999940395355
256,2,86,0.009999999776482582,0.23499999940395355
256,2,87,0.009999999776482582,0.23499999940395355
256,2,88,0.009999999776482582,0.23499999940395355
256,2,89,0.009999999776482582,0.23499999940395355
256,2,90,0.009999999776482582,0.23499999940395355
256,2,91,0.009999999776482582,0.23499999940395355
256,2,92,0.009999999776482582,0.23499999940395355
256,2,93,0.004999999888241291,0.23499999940395355
256,2,94,0.0,0.23999999463558197
256,2,95,0.0,0.23999999463558197
256,2,96,0.0,0.23999999463558197
256,2,97,0.0,0.23499999940395355
256,2,98,0.0,0.23499999940395355
256,2,99,0.0,0.23499999940395355
256,2,100,0.0,0.23499999940395355
256,2,101,0.0,0.23499999940395355
256,2,102,0.0,0.23499999940395355
256,2,103,0.0,0.23499999940395355
256,2,104,0.0,0.23499999940395355
256,2,105,0.0,0.23499999940395355
256,2,106,0.0,0.23499999940395355
256,2,107,0.0,0.23499999940395355
256,2,108,0.0,0.23499999940395355
256,2,109,0.0,0.23499999940395355
256,2,110,0.0,0.23499999940395355
256,2,111,0.0,0.23499999940395355
256,2,112,0.0,0.23499999940395355
256,2,113,0.0,0.23499999940395355
256,2,114,0.0,0.23499999940395355
256,2,115,0.0,0.23499999940395355
256,2,116,0.0,0.23499999940395355
256,2,117,0.0,0.23499999940395355
256,2,118,0.0,0.23499999940395355
256,2,119,0.0,0.23499999940395355
256,2,120,0.0,0.23499999940395355
256,2,121,0.0,0.23499999940395355
256,2,122,0.0,0.23499999940395355
256,2,123,0.0,0.23499999940395355
256,2,124,0.0,0.23499999940395355
256,2,125,0.0,0.23499999940395355
256,2,126,0.0,0.23499999940395355
256,2,127,0.0,0.23499999940395355
256,2,128,0.0,0.23999999463558197
256,2,129,0.0,0.23999999463558197
256,2,130,0.0,0.23999999463558197
256,2,131,0.0,0.23999999463558197
256,2,132,0.0,0.23999999463558197
256,2,133,0.0,0.23999999463558197
256,2,134,0.0,0.23999999463558197
256,2,135,0.0,0.23999999463558197
256,2,136,0.0,0.23999999463558197
256,2,137,0.0,0.23999999463558197
256,2,138,0.0,0.23999999463558197
256,2,139,0.0,0.23999999463558197
256,2,140,0.0,0.23999999463558197
256,2,141,0.0,0.23999999463558197
256,2,142,0.0,0.23999999463558197
256,2,143,0.0,0.23999999463558197
256,2,144,0.0,0.23999999463558197
256,2,145,0.0,0.23999999463558197
256,2,146,0.0,0.23999999463558197
256,2,147,0.0,0.23999999463558197
256,2,148,0.0,0.23999999463558197
256,2,149,0.0,0.23999999463558197
256,2,150,0.0,0.23999999463558197
256,2,151,0.0,0.23999999463558197
256,2,152,0.0,0.23999999463558197
256,2,153,0.0,0.23999999463558197
256,2,154,0.0,0.23999999463558197
256,2,155,0.0,0.23999999463558197
256,2,156,0.0,0.23499999940395355
256,2,157,0.0,0.23499999940395355
256,2,158,0.0,0.23499999940395355
256,2,159,0.0,0.23499999940395355
256,2,160,0.0,0.23499999940395355
256,2,161,0.0,0.23499999940395355
256,2,162,0.0,0.23499999940395355
256,2,163,0.0,0.23499999940395355
256,2,164,0.0,0.23499999940395355
256,2,165,0.0,0.23499999940395355
256,2,166,0.0,0.23499999940395355
256,2,167,0.0,0.23499999940395355
256,2,168,0.0,0.23499999940395355
256,2,169,0.0,0.23499999940395355
256,2,170,0.0,0.23499999940395355
256,2,171,0.0,0.23499999940395355
256,2,172,0.0,0.23499999940395355
256,2,173,0.0,0.23499999940395355
256,2,174,0.0,0.23499999940395355
256,2,175,0.0,0.23499999940395355
256,2,176,0.0,0.23499999940395355
256,2,177,0.0,0.23499999940395355
256,2,178,0.0,0.23499999940395355
256,2,179,0.0,0.23499999940395355
256,2,180,0.0,0.23499999940395355
256,2,181,0.0,0.23499999940395355
256,2,182,0.0,0.23499999940395355
256,2,183,0.0,0.23499999940395355
256,2,184,0.0,0.23499999940395355
256,2,185,0.0,0.23499999940395355
256,2,186,0.0,0.23000000417232513
256,2,187,0.0,0.23000000417232513
256,2,188,0.0,0.23000000417232513
256,2,189,0.0,0.23000000417232513
256,2,190,0.0,0.23000000417232513
256,2,191,0.0,0.23499999940395355
256,2,192,0.0,0.23499999940395355
256,2,193,0.0,0.23499999940395355
256,2,194,0.0,0.23499999940395355
256,2,195,0.0,0.23499999940395355
256,2,196,0.0,0.23499999940395355
256,2,197,0.0,0.23499999940395355
256,2,198,0.0,0.23499999940395355
256,2,199,0.0,0.23499999940395355
512,2,0,0.4749999940395355,0.4099999964237213
512,2,1,0.33000001311302185,0.33000001311302185
512,2,2,0.30000001192092896,0.2549999952316284
512,2,3,0.28999999165534973,0.23999999463558197
512,2,4,0.27000001072883606,0.25
512,2,5,0.23499999940395355,0.23000000417232513
512,2,6,0.22499999403953552,0.2199999988079071
512,2,7,0.2150000035762787,0.20999999344348907
512,2,8,0.23000000417232513,0.20999999344348907
512,2,9,0.2150000035762787,0.20499999821186066
512,2,10,0.22499999403953552,0.20000000298023224
512,2,11,0.22499999403953552,0.20499999821186066
512,2,12,0.2199999988079071,0.20000000298023224
512,2,13,0.2199999988079071,0.19499999284744263
512,2,14,0.2150000035762787,0.1899999976158142
512,2,15,0.20999999344348907,0.1899999976158142
512,2,16,0.19499999284744263,0.18000000715255737
512,2,17,0.1899999976158142,0.1850000023841858
512,2,18,0.1850000023841858,0.1899999976158142
512,2,19,0.1850000023841858,0.20000000298023224
512,2,20,0.1850000023841858,0.19499999284744263
512,2,21,0.18000000715255737,0.19499999284744263
512,2,22,0.17499999701976776,0.20000000298023224
512,2,23,0.17499999701976776,0.20000000298023224
512,2,24,0.17000000178813934,0.20000000298023224
512,2,25,0.1599999964237213,0.20000000298023224
512,2,26,0.1599999964237213,0.20999999344348907
512,2,27,0.1599999964237213,0.20499999821186066
512,2,28,0.1550000011920929,0.20499999821186066
512,2,29,0.15000000596046448,0.20000000298023224
512,2,30,0.1550000011920929,0.20999999344348907
512,2,31,0.14499999582767487,0.20499999821186066
512,2,32,0.13500000536441803,0.20000000298023224
512,2,33,0.13500000536441803,0.20499999821186066
512,2,34,0.125,0.20999999344348907
512,2,35,0.11500000208616257,0.20499999821186066
512,2,36,0.11500000208616257,0.20999999344348907
512,2,37,0.10499999672174454,0.20999999344348907
512,2,38,0.10499999672174454,0.20999999344348907
512,2,39,0.10000000149011612,0.20999999344348907
512,2,40,0.0949999988079071,0.20999999344348907
512,2,41,0.0949999988079071,0.20999999344348907
512,2,42,0.0949999988079071,0.20999999344348907
512,2,43,0.08500000089406967,0.20999999344348907
512,2,44,0.08500000089406967,0.20999999344348907
512,2,45,0.07999999821186066,0.2150000035762787
512,2,46,0.07999999821186066,0.2150000035762787
512,2,47,0.07999999821186066,0.2150000035762787
512,2,48,0.07999999821186066,0.2150000035762787
512,2,49,0.07999999821186066,0.2150000035762787
512,2,50,0.07999999821186066,0.2150000035762787
512,2,51,0.07999999821186066,0.2150000035762787
512,2,52,0.07500000298023224,0.20999999344348907
512,2,53,0.054999999701976776,0.2150000035762787
512,2,54,0.054999999701976776,0.2150000035762787
512,2,55,0.054999999701976776,0.2150000035762787
512,2,56,0.054999999701976776,0.2150000035762787
512,2,57,0.05000000074505806,0.2199999988079071
512,2,58,0.05000000074505806,0.22499999403953552
512,2,59,0.05000000074505806,0.22499999403953552
512,2,60,0.04500000178813934,0.23000000417232513
512,2,61,0.03999999910593033,0.23000000417232513
512,2,62,0.03500000014901161,0.23000000417232513
512,2,63,0.029999999329447746,0.22499999403953552
512,2,64,0.02500000037252903,0.22499999403953552
512,2,65,0.02500000037252903,0.22499999403953552
512,2,66,0.02500000037252903,0.22499999403953552
512,2,67,0.02500000037252903,0.22499999403953552
512,2,68,0.02500000037252903,0.2199999988079071
512,2,69,0.02500000037252903,0.2199999988079071
512,2,70,0.02500000037252903,0.2199999988079071
512,2,71,0.02500000037252903,0.2199999988079071
512,2,72,0.02500000037252903,0.2199999988079071
512,2,73,0.02500000037252903,0.2199999988079071
512,2,74,0.014999999664723873,0.2199999988079071
512,2,75,0.014999999664723873,0.2199999988079071
512,2,76,0.014999999664723873,0.2199999988079071
512,2,77,0.009999999776482582,0.2199999988079071
512,2,78,0.009999999776482582,0.2199999988079071
512,2,79,0.009999999776482582,0.2199999988079071
512,2,80,0.009999999776482582,0.2199999988079071
512,2,81,0.004999999888241291,0.22499999403953552
512,2,82,0.004999999888241291,0.22499999403953552
512,2,83,0.004999999888241291,0.22499999403953552
512,2,84,0.004999999888241291,0.22499999403953552
512,2,85,0.004999999888241291,0.23000000417232513
512,2,86,0.004999999888241291,0.23000000417232513
512,2,87,0.004999999888241291,0.23000000417232513
512,2,88,0.0,0.23000000417232513
512,2,89,0.0,0.23000000417232513
512,2,90,0.0,0.23999999463558197
512,2,91,0.0,0.23999999463558197
512,2,92,0.0,0.23999999463558197
512,2,93,0.0,0.23499999940395355
512,2,94,0.0,0.23999999463558197
512,2,95,0.0,0.23999999463558197
512,2,96,0.0,0.23999999463558197
512,2,97,0.0,0.23999999463558197
512,2,98,0.0,0.23999999463558197
512,2,99,0.0,0.23999999463558197
512,2,100,0.0,0.23999999463558197
512,2,101,0.0,0.23999999463558197
512,2,102,0.0,0.23999999463558197
512,2,103,0.0,0.23999999463558197
512,2,104,0.0,0.23999999463558197
512,2,105,0.0,0.23999999463558197
512,2,106,0.0,0.23999999463558197
512,2,107,0.0,0.23999999463558197
512,2,108,0.0,0.24500000476837158
512,2,109,0.0,0.24500000476837158
512,2,110,0.0,0.24500000476837158
512,2,111,0.0,0.24500000476837158
512,2,112,0.0,0.24500000476837158
512,2,113,0.0,0.24500000476837158
512,2,114,0.0,0.24500000476837158
512,2,115,0.0,0.24500000476837158
512,2,116,0.0,0.24500000476837158
512,2,117,0.0,0.24500000476837158
512,2,118,0.0,0.24500000476837158
512,2,119,0.0,0.24500000476837158
512,2,120,0.0,0.24500000476837158
512,2,121,0.0,0.24500000476837158
512,2,122,0.0,0.24500000476837158
512,2,123,0.0,0.24500000476837158
512,2,124,0.0,0.24500000476837158
512,2,125,0.0,0.24500000476837158
512,2,126,0.0,0.24500000476837158
512,2,127,0.0,0.24500000476837158
512,2,128,0.0,0.24500000476837158
512,2,129,0.0,0.24500000476837158
512,2,130,0.0,0.24500000476837158
512,2,131,0.0,0.24500000476837158
512,2,132,0.0,0.24500000476837158
512,2,133,0.0,0.24500000476837158
512,2,134,0.0,0.24500000476837158
512,2,135,0.0,0.24500000476837158
512,2,136,0.0,0.24500000476837158
512,2,137,0.0,0.24500000476837158
512,2,138,0.0,0.24500000476837158
512,2,139,0.0,0.24500000476837158
512,2,140,0.0,0.24500000476837158
512,2,141,0.0,0.24500000476837158
512,2,142,0.0,0.24500000476837158
512,2,143,0.0,0.24500000476837158
512,2,144,0.0,0.24500000476837158
512,2,145,0.0,0.24500000476837158
512,2,146,0.0,0.24500000476837158
512,2,147,0.0,0.24500000476837158
512,2,148,0.0,0.24500000476837158
512,2,149,0.0,0.24500000476837158
512,2,150,0.0,0.24500000476837158
512,2,151,0.0,0.24500000476837158
512,2,152,0.0,0.24500000476837158
512,2,153,0.0,0.24500000476837158
512,2,154,0.0,0.24500000476837158
512,2,155,0.0,0.25
512,2,156,0.0,0.25
512,2,157,0.0,0.25
512,2,158,0.0,0.25
512,2,159,0.0,0.25
512,2,160,0.0,0.25
512,2,161,0.0,0.25
512,2,162,0.0,0.25
512,2,163,0.0,0.25
512,2,164,0.0,0.25
512,2,165,0.0,0.25
512,2,166,0.0,0.25
512,2,167,0.0,0.25
512,2,168,0.0,0.25
512,2,169,0.0,0.25
512,2,170,0.0,0.25
512,2,171,0.0,0.25
512,2,172,0.0,0.25
512,2,173,0.0,0.25
512,2,174,0.0,0.25
512,2,175,0.0,0.25
512,2,176,0.0,0.25
512,2,177,0.0,0.25
512,2,178,0.0,0.25
512,2,179,0.0,0.25
512,2,180,0.0,0.25
512,2,181,0.0,0.25
512,2,182,0.0,0.25
512,2,183,0.0,0.25
512,2,184,0.0,0.25
512,2,185,0.0,0.25
512,2,186,0.0,0.25
512,2,187,0.0,0.25
512,2,188,0.0,0.25
512,2,189,0.0,0.25
512,2,190,0.0,0.25
512,2,191,0.0,0.25
512,2,192,0.0,0.25
512,2,193,0.0,0.25
512,2,194,0.0,0.25
512,2,195,0.0,0.25
512,2,196,0.0,0.25
512,2,197,0.0,0.25
512,2,198,0.0,0.25
512,2,199,0.0,0.25
